2026-09-15 23:31:42,003:WARNING:
'cuml' is a soft dependency and not included in the pycaret installation. Please run: `pip install cuml` to install.
2026-09-15 23:31:42,003:WARNING:
'cuml' is a soft dependency and not included in the pycaret installation. Please run: `pip install cuml` to install.
2026-09-15 23:31:42,003:WARNING:
'cuml' is a soft dependency and not included in the pycaret installation. Please run: `pip install cuml` to install.
2026-09-15 23:31:42,003:WARNING:
'cuml' is a soft dependency and not included in the pycaret installation. Please run: `pip install cuml` to install.
2026-09-15 23:31:43,310:INFO:PyCaret ClassificationExperiment
2026-09-15 23:31:43,310:INFO:Logging name: clf-default-name
2026-09-15 23:31:43,311:INFO:ML Usecase: MLUsecase.CLASSIFICATION
2026-09-15 23:31:43,311:INFO:version 3.3.2
2026-09-15 23:31:43,311:INFO:Initializing setup()
2026-09-15 23:31:43,311:INFO:self.USI: b029
2026-09-15 23:31:43,311:INFO:self._variable_keys: {'exp_id', 'logging_param', 'gpu_param', 'is_multiclass', 'fix_imbalance', 'n_jobs_param', '_available_plots', 'target_param', 'fold_shuffle_param', 'X', 'USI', 'memory', 'fold_groups_param', 'X_test', 'y_train', 'gpu_n_jobs_param', 'fold_generator', 'y_test', 'log_plots_param', 'data', 'pipeline', 'X_train', 'html_param', '_ml_usecase', 'exp_name_log', 'seed', 'y', 'idx'}
2026-09-15 23:31:43,311:INFO:Checking environment
2026-09-15 23:31:43,311:INFO:python_version: 3.11.6
2026-09-15 23:31:43,311:INFO:python_build: ('tags/v3.11.6:8b6ee5b', 'Oct  2 2023 14:57:12')
2026-09-15 23:31:43,311:INFO:machine: AMD64
2026-09-15 23:31:43,321:INFO:platform: Windows-10-10.0.26200-SP0
2026-09-15 23:31:43,321:INFO:Memory: svmem(total=21168513024, available=7234752512, percent=65.8, used=13933760512, free=7234752512)
2026-09-15 23:31:43,321:INFO:Physical Core: 8
2026-09-15 23:31:43,322:INFO:Logical Core: 12
2026-09-15 23:31:43,322:INFO:Checking libraries
2026-09-15 23:31:43,322:INFO:System:
2026-09-15 23:31:43,322:INFO:    python: 3.11.6 (tags/v3.11.6:8b6ee5b, Oct  2 2023, 14:57:12) [MSC v.1935 64 bit (AMD64)]
2026-09-15 23:31:43,322:INFO:executable: C:\Users\IRSYAD NASHRULLAH\AppData\Local\Programs\Python\Python311\python.exe
2026-09-15 23:31:43,322:INFO:   machine: Windows-10-10.0.26200-SP0
2026-09-15 23:31:43,322:INFO:PyCaret required dependencies:
2026-09-15 23:31:43,356:INFO:                 pip: 23.2.1
2026-09-15 23:31:43,356:INFO:          setuptools: 65.5.0
2026-09-15 23:31:43,356:INFO:             pycaret: 3.3.2
2026-09-15 23:31:43,356:INFO:             IPython: 9.17.1
2026-09-15 23:31:43,356:INFO:          ipywidgets: 8.1.9
2026-09-15 23:31:43,356:INFO:                tqdm: 4.70.1
2026-09-15 23:31:43,356:INFO:               numpy: 1.26.4
2026-09-15 23:31:43,356:INFO:              pandas: 2.1.4
2026-09-15 23:31:43,356:INFO:              jinja2: 3.1.6
2026-09-15 23:31:43,356:INFO:               scipy: 1.11.4
2026-09-15 23:31:43,356:INFO:              joblib: 1.3.2
2026-09-15 23:31:43,356:INFO:             sklearn: 1.4.2
2026-09-15 23:31:43,356:INFO:                pyod: 3.4.0
2026-09-15 23:31:43,356:INFO:            imblearn: 0.14.2
2026-09-15 23:31:43,356:INFO:   category_encoders: 2.7.0
2026-09-15 23:31:43,356:INFO:            lightgbm: 4.7.0
2026-09-15 23:31:43,356:INFO:               numba: 0.67.0
2026-09-15 23:31:43,356:INFO:            requests: 2.34.2
2026-09-15 23:31:43,356:INFO:          matplotlib: 3.7.5
2026-09-15 23:31:43,356:INFO:          scikitplot: 0.3.7
2026-09-15 23:31:43,356:INFO:         yellowbrick: 1.5
2026-09-15 23:31:43,356:INFO:              plotly: 6.9.0
2026-09-15 23:31:43,356:INFO:    plotly-resampler: Not installed
2026-09-15 23:31:43,356:INFO:             kaleido: 1.4.0
2026-09-15 23:31:43,356:INFO:           schemdraw: 0.15
2026-09-15 23:31:43,356:INFO:         statsmodels: 0.15.0
2026-09-15 23:31:43,356:INFO:              sktime: 0.26.0
2026-09-15 23:31:43,356:INFO:               tbats: 1.1.3
2026-09-15 23:31:43,356:INFO:            pmdarima: 2.0.4
2026-09-15 23:31:43,356:INFO:              psutil: 7.2.2
2026-09-15 23:31:43,356:INFO:          markupsafe: 3.0.3
2026-09-15 23:31:43,356:INFO:             pickle5: Not installed
2026-09-15 23:31:43,356:INFO:         cloudpickle: 3.1.2
2026-09-15 23:31:43,356:INFO:         deprecation: 2.1.0
2026-09-15 23:31:43,356:INFO:              xxhash: 4.0.1
2026-09-15 23:31:43,356:INFO:           wurlitzer: Not installed
2026-09-15 23:31:43,356:INFO:PyCaret optional dependencies:
2026-09-15 23:31:43,361:INFO:                shap: Not installed
2026-09-15 23:31:43,361:INFO:           interpret: Not installed
2026-09-15 23:31:43,361:INFO:                umap: Not installed
2026-09-15 23:31:43,361:INFO:     ydata_profiling: Not installed
2026-09-15 23:31:43,361:INFO:  explainerdashboard: Not installed
2026-09-15 23:31:43,361:INFO:             autoviz: Not installed
2026-09-15 23:31:43,361:INFO:           fairlearn: Not installed
2026-09-15 23:31:43,361:INFO:          deepchecks: Not installed
2026-09-15 23:31:43,361:INFO:             xgboost: Not installed
2026-09-15 23:31:43,361:INFO:            catboost: Not installed
2026-09-15 23:31:43,361:INFO:              kmodes: Not installed
2026-09-15 23:31:43,361:INFO:             mlxtend: Not installed
2026-09-15 23:31:43,361:INFO:       statsforecast: Not installed
2026-09-15 23:31:43,361:INFO:        tune_sklearn: Not installed
2026-09-15 23:31:43,361:INFO:                 ray: Not installed
2026-09-15 23:31:43,361:INFO:            hyperopt: Not installed
2026-09-15 23:31:43,361:INFO:              optuna: Not installed
2026-09-15 23:31:43,361:INFO:               skopt: Not installed
2026-09-15 23:31:43,361:INFO:              mlflow: Not installed
2026-09-15 23:31:43,361:INFO:              gradio: Not installed
2026-09-15 23:31:43,361:INFO:             fastapi: Not installed
2026-09-15 23:31:43,361:INFO:             uvicorn: Not installed
2026-09-15 23:31:43,361:INFO:              m2cgen: Not installed
2026-09-15 23:31:43,361:INFO:           evidently: Not installed
2026-09-15 23:31:43,361:INFO:               fugue: Not installed
2026-09-15 23:31:43,361:INFO:           streamlit: Not installed
2026-09-15 23:31:43,361:INFO:             prophet: Not installed
2026-09-15 23:31:43,361:INFO:None
2026-09-15 23:31:43,361:INFO:Set up data.
2026-09-15 23:31:43,363:INFO:Set up folding strategy.
2026-09-15 23:31:43,363:INFO:Set up train/test split.
2026-09-15 23:31:43,365:INFO:Set up index.
2026-09-15 23:31:43,365:INFO:Assigning column types.
2026-09-15 23:31:43,366:INFO:Engine successfully changes for model 'lr' to 'sklearn'.
2026-09-15 23:31:43,391:INFO:Engine for model 'knn' has not been set explicitly, hence returning None.
2026-09-15 23:31:43,394:INFO:Engine for model 'rbfsvm' has not been set explicitly, hence returning None.
2026-09-15 23:31:43,414:WARNING:
'xgboost' is a soft dependency and not included in the pycaret installation. Please run: `pip install xgboost` to install.
Alternately, you can install this by running `pip install pycaret[models]`
2026-09-15 23:31:43,415:WARNING:
'catboost' is a soft dependency and not included in the pycaret installation. Please run: `pip install catboost` to install.
Alternately, you can install this by running `pip install pycaret[models]`
2026-09-15 23:31:43,439:INFO:Engine for model 'knn' has not been set explicitly, hence returning None.
2026-09-15 23:31:43,440:INFO:Engine for model 'rbfsvm' has not been set explicitly, hence returning None.
2026-09-15 23:31:43,455:WARNING:
'xgboost' is a soft dependency and not included in the pycaret installation. Please run: `pip install xgboost` to install.
Alternately, you can install this by running `pip install pycaret[models]`
2026-09-15 23:31:43,456:WARNING:
'catboost' is a soft dependency and not included in the pycaret installation. Please run: `pip install catboost` to install.
Alternately, you can install this by running `pip install pycaret[models]`
2026-09-15 23:31:43,456:INFO:Engine successfully changes for model 'knn' to 'sklearn'.
2026-09-15 23:31:43,481:INFO:Engine for model 'rbfsvm' has not been set explicitly, hence returning None.
2026-09-15 23:31:43,496:WARNING:
'xgboost' is a soft dependency and not included in the pycaret installation. Please run: `pip install xgboost` to install.
Alternately, you can install this by running `pip install pycaret[models]`
2026-09-15 23:31:43,496:WARNING:
'catboost' is a soft dependency and not included in the pycaret installation. Please run: `pip install catboost` to install.
Alternately, you can install this by running `pip install pycaret[models]`
2026-09-15 23:31:43,521:INFO:Engine for model 'rbfsvm' has not been set explicitly, hence returning None.
2026-09-15 23:31:43,537:WARNING:
'xgboost' is a soft dependency and not included in the pycaret installation. Please run: `pip install xgboost` to install.
Alternately, you can install this by running `pip install pycaret[models]`
2026-09-15 23:31:43,537:WARNING:
'catboost' is a soft dependency and not included in the pycaret installation. Please run: `pip install catboost` to install.
Alternately, you can install this by running `pip install pycaret[models]`
2026-09-15 23:31:43,537:INFO:Engine successfully changes for model 'rbfsvm' to 'sklearn'.
2026-09-15 23:31:43,578:WARNING:
'xgboost' is a soft dependency and not included in the pycaret installation. Please run: `pip install xgboost` to install.
Alternately, you can install this by running `pip install pycaret[models]`
2026-09-15 23:31:43,578:WARNING:
'catboost' is a soft dependency and not included in the pycaret installation. Please run: `pip install catboost` to install.
Alternately, you can install this by running `pip install pycaret[models]`
2026-09-15 23:31:43,619:WARNING:
'xgboost' is a soft dependency and not included in the pycaret installation. Please run: `pip install xgboost` to install.
Alternately, you can install this by running `pip install pycaret[models]`
2026-09-15 23:31:43,619:WARNING:
'catboost' is a soft dependency and not included in the pycaret installation. Please run: `pip install catboost` to install.
Alternately, you can install this by running `pip install pycaret[models]`
2026-09-15 23:31:43,622:INFO:Preparing preprocessing pipeline...
2026-09-15 23:31:43,622:INFO:Set up simple imputation.
2026-09-15 23:31:43,623:INFO:Set up column name cleaning.
2026-09-15 23:31:43,637:INFO:Finished creating preprocessing pipeline.
2026-09-15 23:31:43,640:INFO:Pipeline: Pipeline(memory=FastMemory(location=C:\Users\IRSYAD~1\AppData\Local\Temp\joblib),
         steps=[('numerical_imputer',
                 TransformerWrapper(exclude=None,
                                    include=['sepal length (cm)',
                                             'sepal width (cm)',
                                             'petal length (cm)',
                                             'petal width (cm)'],
                                    transformer=SimpleImputer(add_indicator=False,
                                                              copy=True,
                                                              fill_value=None,
                                                              keep_empty_features=False,
                                                              missing_values=nan,
                                                              strategy='me...
                ('categorical_imputer',
                 TransformerWrapper(exclude=None, include=[],
                                    transformer=SimpleImputer(add_indicator=False,
                                                              copy=True,
                                                              fill_value=None,
                                                              keep_empty_features=False,
                                                              missing_values=nan,
                                                              strategy='most_frequent'))),
                ('clean_column_names',
                 TransformerWrapper(exclude=None, include=None,
                                    transformer=CleanColumnNames(match='[\\]\\[\\,\\{\\}\\"\\:]+')))],
         verbose=False)
2026-09-15 23:31:43,641:INFO:Creating final display dataframe.
2026-09-15 23:31:43,674:INFO:Setup _display_container:                     Description             Value
0                    Session id              5090
1                        Target            Target
2                   Target type        Multiclass
3           Original data shape          (150, 5)
4        Transformed data shape          (150, 5)
5   Transformed train set shape          (105, 5)
6    Transformed test set shape           (45, 5)
7              Numeric features                 4
8                    Preprocess              True
9               Imputation type            simple
10           Numeric imputation              mean
11       Categorical imputation              mode
12               Fold Generator   StratifiedKFold
13                  Fold Number                10
14                     CPU Jobs                -1
15                      Use GPU             False
16               Log Experiment             False
17              Experiment Name  clf-default-name
18                          USI              b029
2026-09-15 23:31:43,723:WARNING:
'xgboost' is a soft dependency and not included in the pycaret installation. Please run: `pip install xgboost` to install.
Alternately, you can install this by running `pip install pycaret[models]`
2026-09-15 23:31:43,723:WARNING:
'catboost' is a soft dependency and not included in the pycaret installation. Please run: `pip install catboost` to install.
Alternately, you can install this by running `pip install pycaret[models]`
2026-09-15 23:31:43,763:WARNING:
'xgboost' is a soft dependency and not included in the pycaret installation. Please run: `pip install xgboost` to install.
Alternately, you can install this by running `pip install pycaret[models]`
2026-09-15 23:31:43,763:WARNING:
'catboost' is a soft dependency and not included in the pycaret installation. Please run: `pip install catboost` to install.
Alternately, you can install this by running `pip install pycaret[models]`
2026-09-15 23:31:43,764:INFO:setup() successfully completed in 0.46s...............
2026-09-15 23:31:43,764:INFO:Initializing compare_models()
2026-09-15 23:31:43,764:INFO:compare_models(self=<pycaret.classification.oop.ClassificationExperiment object at 0x000001DC60AD1D10>, include=None, exclude=None, fold=None, round=4, cross_validation=True, sort=Accuracy, n_select=1, budget_time=None, turbo=True, errors=ignore, fit_kwargs=None, groups=None, experiment_custom_tags=None, probability_threshold=None, verbose=True, parallel=None, caller_params={'self': <pycaret.classification.oop.ClassificationExperiment object at 0x000001DC60AD1D10>, 'include': None, 'exclude': None, 'fold': None, 'round': 4, 'cross_validation': True, 'sort': 'Accuracy', 'n_select': 1, 'budget_time': None, 'turbo': True, 'errors': 'ignore', 'fit_kwargs': None, 'groups': None, 'experiment_custom_tags': None, 'probability_threshold': None, 'engine': None, 'verbose': True, 'parallel': None, '__class__': <class 'pycaret.classification.oop.ClassificationExperiment'>})
2026-09-15 23:31:43,764:INFO:Checking exceptions
2026-09-15 23:31:43,765:INFO:Preparing display monitor
2026-09-15 23:31:43,799:INFO:Initializing Logistic Regression
2026-09-15 23:31:43,799:INFO:Total runtime is 0.0 minutes
2026-09-15 23:31:43,799:INFO:SubProcess create_model() called ==================================
2026-09-15 23:31:43,800:INFO:Initializing create_model()
2026-09-15 23:31:43,800:INFO:create_model(self=<pycaret.classification.oop.ClassificationExperiment object at 0x000001DC60AD1D10>, estimator=lr, fold=StratifiedKFold(n_splits=10, random_state=None, shuffle=False), round=4, cross_validation=True, predict=True, fit_kwargs={}, groups=None, refit=False, probability_threshold=None, experiment_custom_tags=None, verbose=False, system=False, add_to_model_list=True, metrics=None, display=<pycaret.internal.display.display.CommonDisplay object at 0x000001DC65B1EF10>, model_only=True, return_train_score=False, error_score=0.0, kwargs={})
2026-09-15 23:31:43,800:INFO:Checking exceptions
2026-09-15 23:31:43,800:INFO:Importing libraries
2026-09-15 23:31:43,800:INFO:Copying training dataset
2026-09-15 23:31:43,803:INFO:Defining folds
2026-09-15 23:31:43,803:INFO:Declaring metric variables
2026-09-15 23:31:43,803:INFO:Importing untrained model
2026-09-15 23:31:43,804:INFO:Logistic Regression Imported successfully
2026-09-15 23:31:43,804:INFO:Starting cross validation
2026-09-15 23:31:43,805:INFO:Cross validating with StratifiedKFold(n_splits=10, random_state=None, shuffle=False), n_jobs=-1
2026-09-15 23:31:47,495:WARNING:C:\Users\IRSYAD NASHRULLAH\AppData\Local\Programs\Python\Python311\Lib\site-packages\pycaret\internal\metrics.py:204: FitFailedWarning: Metric 'make_scorer(roc_auc_score, response_method=('decision_function', 'predict_proba'), average=weighted, multi_class=ovr)' failed and error score 0.0 has been returned instead. If this is a custom metric, this usually means that the error is in the metric code. Full exception below:
Traceback (most recent call last):
  File "C:\Users\IRSYAD NASHRULLAH\AppData\Local\Programs\Python\Python311\Lib\site-packages\pycaret\internal\metrics.py", line 196, in _score
    return super()._score(
           ^^^^^^^^^^^^^^^
  File "C:\Users\IRSYAD NASHRULLAH\AppData\Local\Programs\Python\Python311\Lib\site-packages\sklearn\metrics\_scorer.py", line 350, in _score
    return self._sign * self._score_func(y_true, y_pred, **scoring_kwargs)
                        ^^^^^^^^^^^^^^^^^^^^^^^^^^^^^^^^^^^^^^^^^^^^^^^^^^
  File "C:\Users\IRSYAD NASHRULLAH\AppData\Local\Programs\Python\Python311\Lib\site-packages\pycaret\internal\metrics.py", line 144, in __call__
    return self.score_func(y_true, y_pred, **kwargs)
           ^^^^^^^^^^^^^^^^^^^^^^^^^^^^^^^^^^^^^^^^^
  File "C:\Users\IRSYAD NASHRULLAH\AppData\Local\Programs\Python\Python311\Lib\site-packages\sklearn\utils\_param_validation.py", line 213, in wrapper
    return func(*args, **kwargs)
           ^^^^^^^^^^^^^^^^^^^^^
  File "C:\Users\IRSYAD NASHRULLAH\AppData\Local\Programs\Python\Python311\Lib\site-packages\sklearn\metrics\_ranking.py", line 634, in roc_auc_score
    return _multiclass_roc_auc_score(
           ^^^^^^^^^^^^^^^^^^^^^^^^^^
  File "C:\Users\IRSYAD NASHRULLAH\AppData\Local\Programs\Python\Python311\Lib\site-packages\sklearn\metrics\_ranking.py", line 707, in _multiclass_roc_auc_score
    raise ValueError(
ValueError: Target scores need to be probabilities for multiclass roc_auc, i.e. they should sum up to 1.0 over classes

  warnings.warn(

2026-09-15 23:31:47,517:WARNING:C:\Users\IRSYAD NASHRULLAH\AppData\Local\Programs\Python\Python311\Lib\site-packages\pycaret\internal\metrics.py:204: FitFailedWarning: Metric 'make_scorer(roc_auc_score, response_method=('decision_function', 'predict_proba'), average=weighted, multi_class=ovr)' failed and error score 0.0 has been returned instead. If this is a custom metric, this usually means that the error is in the metric code. Full exception below:
Traceback (most recent call last):
  File "C:\Users\IRSYAD NASHRULLAH\AppData\Local\Programs\Python\Python311\Lib\site-packages\pycaret\internal\metrics.py", line 196, in _score
    return super()._score(
           ^^^^^^^^^^^^^^^
  File "C:\Users\IRSYAD NASHRULLAH\AppData\Local\Programs\Python\Python311\Lib\site-packages\sklearn\metrics\_scorer.py", line 350, in _score
    return self._sign * self._score_func(y_true, y_pred, **scoring_kwargs)
                        ^^^^^^^^^^^^^^^^^^^^^^^^^^^^^^^^^^^^^^^^^^^^^^^^^^
  File "C:\Users\IRSYAD NASHRULLAH\AppData\Local\Programs\Python\Python311\Lib\site-packages\pycaret\internal\metrics.py", line 144, in __call__
    return self.score_func(y_true, y_pred, **kwargs)
           ^^^^^^^^^^^^^^^^^^^^^^^^^^^^^^^^^^^^^^^^^
  File "C:\Users\IRSYAD NASHRULLAH\AppData\Local\Programs\Python\Python311\Lib\site-packages\sklearn\utils\_param_validation.py", line 213, in wrapper
    return func(*args, **kwargs)
           ^^^^^^^^^^^^^^^^^^^^^
  File "C:\Users\IRSYAD NASHRULLAH\AppData\Local\Programs\Python\Python311\Lib\site-packages\sklearn\metrics\_ranking.py", line 634, in roc_auc_score
    return _multiclass_roc_auc_score(
           ^^^^^^^^^^^^^^^^^^^^^^^^^^
  File "C:\Users\IRSYAD NASHRULLAH\AppData\Local\Programs\Python\Python311\Lib\site-packages\sklearn\metrics\_ranking.py", line 707, in _multiclass_roc_auc_score
    raise ValueError(
ValueError: Target scores need to be probabilities for multiclass roc_auc, i.e. they should sum up to 1.0 over classes

  warnings.warn(

2026-09-15 23:31:47,538:WARNING:C:\Users\IRSYAD NASHRULLAH\AppData\Local\Programs\Python\Python311\Lib\site-packages\pycaret\internal\metrics.py:204: FitFailedWarning: Metric 'make_scorer(roc_auc_score, response_method=('decision_function', 'predict_proba'), average=weighted, multi_class=ovr)' failed and error score 0.0 has been returned instead. If this is a custom metric, this usually means that the error is in the metric code. Full exception below:
Traceback (most recent call last):
  File "C:\Users\IRSYAD NASHRULLAH\AppData\Local\Programs\Python\Python311\Lib\site-packages\pycaret\internal\metrics.py", line 196, in _score
    return super()._score(
           ^^^^^^^^^^^^^^^
  File "C:\Users\IRSYAD NASHRULLAH\AppData\Local\Programs\Python\Python311\Lib\site-packages\sklearn\metrics\_scorer.py", line 350, in _score
    return self._sign * self._score_func(y_true, y_pred, **scoring_kwargs)
                        ^^^^^^^^^^^^^^^^^^^^^^^^^^^^^^^^^^^^^^^^^^^^^^^^^^
  File "C:\Users\IRSYAD NASHRULLAH\AppData\Local\Programs\Python\Python311\Lib\site-packages\pycaret\internal\metrics.py", line 144, in __call__
    return self.score_func(y_true, y_pred, **kwargs)
           ^^^^^^^^^^^^^^^^^^^^^^^^^^^^^^^^^^^^^^^^^
  File "C:\Users\IRSYAD NASHRULLAH\AppData\Local\Programs\Python\Python311\Lib\site-packages\sklearn\utils\_param_validation.py", line 213, in wrapper
    return func(*args, **kwargs)
           ^^^^^^^^^^^^^^^^^^^^^
  File "C:\Users\IRSYAD NASHRULLAH\AppData\Local\Programs\Python\Python311\Lib\site-packages\sklearn\metrics\_ranking.py", line 634, in roc_auc_score
    return _multiclass_roc_auc_score(
           ^^^^^^^^^^^^^^^^^^^^^^^^^^
  File "C:\Users\IRSYAD NASHRULLAH\AppData\Local\Programs\Python\Python311\Lib\site-packages\sklearn\metrics\_ranking.py", line 707, in _multiclass_roc_auc_score
    raise ValueError(
ValueError: Target scores need to be probabilities for multiclass roc_auc, i.e. they should sum up to 1.0 over classes

  warnings.warn(

2026-09-15 23:31:47,541:WARNING:C:\Users\IRSYAD NASHRULLAH\AppData\Local\Programs\Python\Python311\Lib\site-packages\pycaret\internal\metrics.py:204: FitFailedWarning: Metric 'make_scorer(roc_auc_score, response_method=('decision_function', 'predict_proba'), average=weighted, multi_class=ovr)' failed and error score 0.0 has been returned instead. If this is a custom metric, this usually means that the error is in the metric code. Full exception below:
Traceback (most recent call last):
  File "C:\Users\IRSYAD NASHRULLAH\AppData\Local\Programs\Python\Python311\Lib\site-packages\pycaret\internal\metrics.py", line 196, in _score
    return super()._score(
           ^^^^^^^^^^^^^^^
  File "C:\Users\IRSYAD NASHRULLAH\AppData\Local\Programs\Python\Python311\Lib\site-packages\sklearn\metrics\_scorer.py", line 350, in _score
    return self._sign * self._score_func(y_true, y_pred, **scoring_kwargs)
                        ^^^^^^^^^^^^^^^^^^^^^^^^^^^^^^^^^^^^^^^^^^^^^^^^^^
  File "C:\Users\IRSYAD NASHRULLAH\AppData\Local\Programs\Python\Python311\Lib\site-packages\pycaret\internal\metrics.py", line 144, in __call__
    return self.score_func(y_true, y_pred, **kwargs)
           ^^^^^^^^^^^^^^^^^^^^^^^^^^^^^^^^^^^^^^^^^
  File "C:\Users\IRSYAD NASHRULLAH\AppData\Local\Programs\Python\Python311\Lib\site-packages\sklearn\utils\_param_validation.py", line 213, in wrapper
    return func(*args, **kwargs)
           ^^^^^^^^^^^^^^^^^^^^^
  File "C:\Users\IRSYAD NASHRULLAH\AppData\Local\Programs\Python\Python311\Lib\site-packages\sklearn\metrics\_ranking.py", line 634, in roc_auc_score
    return _multiclass_roc_auc_score(
           ^^^^^^^^^^^^^^^^^^^^^^^^^^
  File "C:\Users\IRSYAD NASHRULLAH\AppData\Local\Programs\Python\Python311\Lib\site-packages\sklearn\metrics\_ranking.py", line 707, in _multiclass_roc_auc_score
    raise ValueError(
ValueError: Target scores need to be probabilities for multiclass roc_auc, i.e. they should sum up to 1.0 over classes

  warnings.warn(

2026-09-15 23:31:47,543:WARNING:C:\Users\IRSYAD NASHRULLAH\AppData\Local\Programs\Python\Python311\Lib\site-packages\pycaret\internal\metrics.py:204: FitFailedWarning: Metric 'make_scorer(roc_auc_score, response_method=('decision_function', 'predict_proba'), average=weighted, multi_class=ovr)' failed and error score 0.0 has been returned instead. If this is a custom metric, this usually means that the error is in the metric code. Full exception below:
Traceback (most recent call last):
  File "C:\Users\IRSYAD NASHRULLAH\AppData\Local\Programs\Python\Python311\Lib\site-packages\pycaret\internal\metrics.py", line 196, in _score
    return super()._score(
           ^^^^^^^^^^^^^^^
  File "C:\Users\IRSYAD NASHRULLAH\AppData\Local\Programs\Python\Python311\Lib\site-packages\sklearn\metrics\_scorer.py", line 350, in _score
    return self._sign * self._score_func(y_true, y_pred, **scoring_kwargs)
                        ^^^^^^^^^^^^^^^^^^^^^^^^^^^^^^^^^^^^^^^^^^^^^^^^^^
  File "C:\Users\IRSYAD NASHRULLAH\AppData\Local\Programs\Python\Python311\Lib\site-packages\pycaret\internal\metrics.py", line 144, in __call__
    return self.score_func(y_true, y_pred, **kwargs)
           ^^^^^^^^^^^^^^^^^^^^^^^^^^^^^^^^^^^^^^^^^
  File "C:\Users\IRSYAD NASHRULLAH\AppData\Local\Programs\Python\Python311\Lib\site-packages\sklearn\utils\_param_validation.py", line 213, in wrapper
    return func(*args, **kwargs)
           ^^^^^^^^^^^^^^^^^^^^^
  File "C:\Users\IRSYAD NASHRULLAH\AppData\Local\Programs\Python\Python311\Lib\site-packages\sklearn\metrics\_ranking.py", line 634, in roc_auc_score
    return _multiclass_roc_auc_score(
           ^^^^^^^^^^^^^^^^^^^^^^^^^^
  File "C:\Users\IRSYAD NASHRULLAH\AppData\Local\Programs\Python\Python311\Lib\site-packages\sklearn\metrics\_ranking.py", line 707, in _multiclass_roc_auc_score
    raise ValueError(
ValueError: Target scores need to be probabilities for multiclass roc_auc, i.e. they should sum up to 1.0 over classes

  warnings.warn(

2026-09-15 23:31:47,558:WARNING:C:\Users\IRSYAD NASHRULLAH\AppData\Local\Programs\Python\Python311\Lib\site-packages\pycaret\internal\metrics.py:204: FitFailedWarning: Metric 'make_scorer(roc_auc_score, response_method=('decision_function', 'predict_proba'), average=weighted, multi_class=ovr)' failed and error score 0.0 has been returned instead. If this is a custom metric, this usually means that the error is in the metric code. Full exception below:
Traceback (most recent call last):
  File "C:\Users\IRSYAD NASHRULLAH\AppData\Local\Programs\Python\Python311\Lib\site-packages\pycaret\internal\metrics.py", line 196, in _score
    return super()._score(
           ^^^^^^^^^^^^^^^
  File "C:\Users\IRSYAD NASHRULLAH\AppData\Local\Programs\Python\Python311\Lib\site-packages\sklearn\metrics\_scorer.py", line 350, in _score
    return self._sign * self._score_func(y_true, y_pred, **scoring_kwargs)
                        ^^^^^^^^^^^^^^^^^^^^^^^^^^^^^^^^^^^^^^^^^^^^^^^^^^
  File "C:\Users\IRSYAD NASHRULLAH\AppData\Local\Programs\Python\Python311\Lib\site-packages\pycaret\internal\metrics.py", line 144, in __call__
    return self.score_func(y_true, y_pred, **kwargs)
           ^^^^^^^^^^^^^^^^^^^^^^^^^^^^^^^^^^^^^^^^^
  File "C:\Users\IRSYAD NASHRULLAH\AppData\Local\Programs\Python\Python311\Lib\site-packages\sklearn\utils\_param_validation.py", line 213, in wrapper
    return func(*args, **kwargs)
           ^^^^^^^^^^^^^^^^^^^^^
  File "C:\Users\IRSYAD NASHRULLAH\AppData\Local\Programs\Python\Python311\Lib\site-packages\sklearn\metrics\_ranking.py", line 634, in roc_auc_score
    return _multiclass_roc_auc_score(
           ^^^^^^^^^^^^^^^^^^^^^^^^^^
  File "C:\Users\IRSYAD NASHRULLAH\AppData\Local\Programs\Python\Python311\Lib\site-packages\sklearn\metrics\_ranking.py", line 707, in _multiclass_roc_auc_score
    raise ValueError(
ValueError: Target scores need to be probabilities for multiclass roc_auc, i.e. they should sum up to 1.0 over classes

  warnings.warn(

2026-09-15 23:31:47,584:WARNING:C:\Users\IRSYAD NASHRULLAH\AppData\Local\Programs\Python\Python311\Lib\site-packages\pycaret\internal\metrics.py:204: FitFailedWarning: Metric 'make_scorer(roc_auc_score, response_method=('decision_function', 'predict_proba'), average=weighted, multi_class=ovr)' failed and error score 0.0 has been returned instead. If this is a custom metric, this usually means that the error is in the metric code. Full exception below:
Traceback (most recent call last):
  File "C:\Users\IRSYAD NASHRULLAH\AppData\Local\Programs\Python\Python311\Lib\site-packages\pycaret\internal\metrics.py", line 196, in _score
    return super()._score(
           ^^^^^^^^^^^^^^^
  File "C:\Users\IRSYAD NASHRULLAH\AppData\Local\Programs\Python\Python311\Lib\site-packages\sklearn\metrics\_scorer.py", line 350, in _score
    return self._sign * self._score_func(y_true, y_pred, **scoring_kwargs)
                        ^^^^^^^^^^^^^^^^^^^^^^^^^^^^^^^^^^^^^^^^^^^^^^^^^^
  File "C:\Users\IRSYAD NASHRULLAH\AppData\Local\Programs\Python\Python311\Lib\site-packages\pycaret\internal\metrics.py", line 144, in __call__
    return self.score_func(y_true, y_pred, **kwargs)
           ^^^^^^^^^^^^^^^^^^^^^^^^^^^^^^^^^^^^^^^^^
  File "C:\Users\IRSYAD NASHRULLAH\AppData\Local\Programs\Python\Python311\Lib\site-packages\sklearn\utils\_param_validation.py", line 213, in wrapper
    return func(*args, **kwargs)
           ^^^^^^^^^^^^^^^^^^^^^
  File "C:\Users\IRSYAD NASHRULLAH\AppData\Local\Programs\Python\Python311\Lib\site-packages\sklearn\metrics\_ranking.py", line 634, in roc_auc_score
    return _multiclass_roc_auc_score(
           ^^^^^^^^^^^^^^^^^^^^^^^^^^
  File "C:\Users\IRSYAD NASHRULLAH\AppData\Local\Programs\Python\Python311\Lib\site-packages\sklearn\metrics\_ranking.py", line 707, in _multiclass_roc_auc_score
    raise ValueError(
ValueError: Target scores need to be probabilities for multiclass roc_auc, i.e. they should sum up to 1.0 over classes

  warnings.warn(

2026-09-15 23:31:47,629:WARNING:C:\Users\IRSYAD NASHRULLAH\AppData\Local\Programs\Python\Python311\Lib\site-packages\pycaret\internal\metrics.py:204: FitFailedWarning: Metric 'make_scorer(roc_auc_score, response_method=('decision_function', 'predict_proba'), average=weighted, multi_class=ovr)' failed and error score 0.0 has been returned instead. If this is a custom metric, this usually means that the error is in the metric code. Full exception below:
Traceback (most recent call last):
  File "C:\Users\IRSYAD NASHRULLAH\AppData\Local\Programs\Python\Python311\Lib\site-packages\pycaret\internal\metrics.py", line 196, in _score
    return super()._score(
           ^^^^^^^^^^^^^^^
  File "C:\Users\IRSYAD NASHRULLAH\AppData\Local\Programs\Python\Python311\Lib\site-packages\sklearn\metrics\_scorer.py", line 350, in _score
    return self._sign * self._score_func(y_true, y_pred, **scoring_kwargs)
                        ^^^^^^^^^^^^^^^^^^^^^^^^^^^^^^^^^^^^^^^^^^^^^^^^^^
  File "C:\Users\IRSYAD NASHRULLAH\AppData\Local\Programs\Python\Python311\Lib\site-packages\pycaret\internal\metrics.py", line 144, in __call__
    return self.score_func(y_true, y_pred, **kwargs)
           ^^^^^^^^^^^^^^^^^^^^^^^^^^^^^^^^^^^^^^^^^
  File "C:\Users\IRSYAD NASHRULLAH\AppData\Local\Programs\Python\Python311\Lib\site-packages\sklearn\utils\_param_validation.py", line 213, in wrapper
    return func(*args, **kwargs)
           ^^^^^^^^^^^^^^^^^^^^^
  File "C:\Users\IRSYAD NASHRULLAH\AppData\Local\Programs\Python\Python311\Lib\site-packages\sklearn\metrics\_ranking.py", line 634, in roc_auc_score
    return _multiclass_roc_auc_score(
           ^^^^^^^^^^^^^^^^^^^^^^^^^^
  File "C:\Users\IRSYAD NASHRULLAH\AppData\Local\Programs\Python\Python311\Lib\site-packages\sklearn\metrics\_ranking.py", line 707, in _multiclass_roc_auc_score
    raise ValueError(
ValueError: Target scores need to be probabilities for multiclass roc_auc, i.e. they should sum up to 1.0 over classes

  warnings.warn(

2026-09-15 23:31:47,631:WARNING:C:\Users\IRSYAD NASHRULLAH\AppData\Local\Programs\Python\Python311\Lib\site-packages\pycaret\internal\metrics.py:204: FitFailedWarning: Metric 'make_scorer(roc_auc_score, response_method=('decision_function', 'predict_proba'), average=weighted, multi_class=ovr)' failed and error score 0.0 has been returned instead. If this is a custom metric, this usually means that the error is in the metric code. Full exception below:
Traceback (most recent call last):
  File "C:\Users\IRSYAD NASHRULLAH\AppData\Local\Programs\Python\Python311\Lib\site-packages\pycaret\internal\metrics.py", line 196, in _score
    return super()._score(
           ^^^^^^^^^^^^^^^
  File "C:\Users\IRSYAD NASHRULLAH\AppData\Local\Programs\Python\Python311\Lib\site-packages\sklearn\metrics\_scorer.py", line 350, in _score
    return self._sign * self._score_func(y_true, y_pred, **scoring_kwargs)
                        ^^^^^^^^^^^^^^^^^^^^^^^^^^^^^^^^^^^^^^^^^^^^^^^^^^
  File "C:\Users\IRSYAD NASHRULLAH\AppData\Local\Programs\Python\Python311\Lib\site-packages\pycaret\internal\metrics.py", line 144, in __call__
    return self.score_func(y_true, y_pred, **kwargs)
           ^^^^^^^^^^^^^^^^^^^^^^^^^^^^^^^^^^^^^^^^^
  File "C:\Users\IRSYAD NASHRULLAH\AppData\Local\Programs\Python\Python311\Lib\site-packages\sklearn\utils\_param_validation.py", line 213, in wrapper
    return func(*args, **kwargs)
           ^^^^^^^^^^^^^^^^^^^^^
  File "C:\Users\IRSYAD NASHRULLAH\AppData\Local\Programs\Python\Python311\Lib\site-packages\sklearn\metrics\_ranking.py", line 634, in roc_auc_score
    return _multiclass_roc_auc_score(
           ^^^^^^^^^^^^^^^^^^^^^^^^^^
  File "C:\Users\IRSYAD NASHRULLAH\AppData\Local\Programs\Python\Python311\Lib\site-packages\sklearn\metrics\_ranking.py", line 707, in _multiclass_roc_auc_score
    raise ValueError(
ValueError: Target scores need to be probabilities for multiclass roc_auc, i.e. they should sum up to 1.0 over classes

  warnings.warn(

2026-09-15 23:31:47,642:INFO:Calculating mean and std
2026-09-15 23:31:47,677:INFO:Creating metrics dataframe
2026-09-15 23:31:47,678:INFO:Uploading results into container
2026-09-15 23:31:47,678:INFO:Uploading model into container now
2026-09-15 23:31:47,679:INFO:_master_model_container: 1
2026-09-15 23:31:47,679:INFO:_display_container: 2
2026-09-15 23:31:47,679:INFO:LogisticRegression(C=1.0, class_weight=None, dual=False, fit_intercept=True,
                   intercept_scaling=1, l1_ratio=None, max_iter=1000,
                   multi_class='auto', n_jobs=None, penalty='l2',
                   random_state=5090, solver='lbfgs', tol=0.0001, verbose=0,
                   warm_start=False)
2026-09-15 23:31:47,679:INFO:create_model() successfully completed......................................
2026-09-15 23:31:47,734:INFO:SubProcess create_model() end ==================================
2026-09-15 23:31:47,734:INFO:Creating metrics dataframe
2026-09-15 23:31:47,736:INFO:Initializing K Neighbors Classifier
2026-09-15 23:31:47,736:INFO:Total runtime is 0.06561517715454102 minutes
2026-09-15 23:31:47,736:INFO:SubProcess create_model() called ==================================
2026-09-15 23:31:47,736:INFO:Initializing create_model()
2026-09-15 23:31:47,736:INFO:create_model(self=<pycaret.classification.oop.ClassificationExperiment object at 0x000001DC60AD1D10>, estimator=knn, fold=StratifiedKFold(n_splits=10, random_state=None, shuffle=False), round=4, cross_validation=True, predict=True, fit_kwargs={}, groups=None, refit=False, probability_threshold=None, experiment_custom_tags=None, verbose=False, system=False, add_to_model_list=True, metrics=None, display=<pycaret.internal.display.display.CommonDisplay object at 0x000001DC65B1EF10>, model_only=True, return_train_score=False, error_score=0.0, kwargs={})
2026-09-15 23:31:47,736:INFO:Checking exceptions
2026-09-15 23:31:47,736:INFO:Importing libraries
2026-09-15 23:31:47,736:INFO:Copying training dataset
2026-09-15 23:31:47,737:INFO:Defining folds
2026-09-15 23:31:47,738:INFO:Declaring metric variables
2026-09-15 23:31:47,738:INFO:Importing untrained model
2026-09-15 23:31:47,738:INFO:K Neighbors Classifier Imported successfully
2026-09-15 23:31:47,738:INFO:Starting cross validation
2026-09-15 23:31:47,738:INFO:Cross validating with StratifiedKFold(n_splits=10, random_state=None, shuffle=False), n_jobs=-1
2026-09-15 23:31:49,740:INFO:Calculating mean and std
2026-09-15 23:31:49,741:INFO:Creating metrics dataframe
2026-09-15 23:31:49,742:INFO:Uploading results into container
2026-09-15 23:31:49,744:INFO:Uploading model into container now
2026-09-15 23:31:49,744:INFO:_master_model_container: 2
2026-09-15 23:31:49,744:INFO:_display_container: 2
2026-09-15 23:31:49,744:INFO:KNeighborsClassifier(algorithm='auto', leaf_size=30, metric='minkowski',
                     metric_params=None, n_jobs=-1, n_neighbors=5, p=2,
                     weights='uniform')
2026-09-15 23:31:49,744:INFO:create_model() successfully completed......................................
2026-09-15 23:31:49,832:INFO:SubProcess create_model() end ==================================
2026-09-15 23:31:49,832:INFO:Creating metrics dataframe
2026-09-15 23:31:49,835:INFO:Initializing Naive Bayes
2026-09-15 23:31:49,835:INFO:Total runtime is 0.1006010095278422 minutes
2026-09-15 23:31:49,835:INFO:SubProcess create_model() called ==================================
2026-09-15 23:31:49,835:INFO:Initializing create_model()
2026-09-15 23:31:49,835:INFO:create_model(self=<pycaret.classification.oop.ClassificationExperiment object at 0x000001DC60AD1D10>, estimator=nb, fold=StratifiedKFold(n_splits=10, random_state=None, shuffle=False), round=4, cross_validation=True, predict=True, fit_kwargs={}, groups=None, refit=False, probability_threshold=None, experiment_custom_tags=None, verbose=False, system=False, add_to_model_list=True, metrics=None, display=<pycaret.internal.display.display.CommonDisplay object at 0x000001DC65B1EF10>, model_only=True, return_train_score=False, error_score=0.0, kwargs={})
2026-09-15 23:31:49,835:INFO:Checking exceptions
2026-09-15 23:31:49,835:INFO:Importing libraries
2026-09-15 23:31:49,835:INFO:Copying training dataset
2026-09-15 23:31:49,840:INFO:Defining folds
2026-09-15 23:31:49,840:INFO:Declaring metric variables
2026-09-15 23:31:49,840:INFO:Importing untrained model
2026-09-15 23:31:49,840:INFO:Naive Bayes Imported successfully
2026-09-15 23:31:49,840:INFO:Starting cross validation
2026-09-15 23:31:49,840:INFO:Cross validating with StratifiedKFold(n_splits=10, random_state=None, shuffle=False), n_jobs=-1
2026-09-15 23:31:50,389:INFO:Calculating mean and std
2026-09-15 23:31:50,391:INFO:Creating metrics dataframe
2026-09-15 23:31:50,392:INFO:Uploading results into container
2026-09-15 23:31:50,393:INFO:Uploading model into container now
2026-09-15 23:31:50,393:INFO:_master_model_container: 3
2026-09-15 23:31:50,393:INFO:_display_container: 2
2026-09-15 23:31:50,393:INFO:GaussianNB(priors=None, var_smoothing=1e-09)
2026-09-15 23:31:50,393:INFO:create_model() successfully completed......................................
2026-09-15 23:31:50,481:INFO:SubProcess create_model() end ==================================
2026-09-15 23:31:50,482:INFO:Creating metrics dataframe
2026-09-15 23:31:50,485:INFO:Initializing Decision Tree Classifier
2026-09-15 23:31:50,485:INFO:Total runtime is 0.11142400105794271 minutes
2026-09-15 23:31:50,485:INFO:SubProcess create_model() called ==================================
2026-09-15 23:31:50,486:INFO:Initializing create_model()
2026-09-15 23:31:50,486:INFO:create_model(self=<pycaret.classification.oop.ClassificationExperiment object at 0x000001DC60AD1D10>, estimator=dt, fold=StratifiedKFold(n_splits=10, random_state=None, shuffle=False), round=4, cross_validation=True, predict=True, fit_kwargs={}, groups=None, refit=False, probability_threshold=None, experiment_custom_tags=None, verbose=False, system=False, add_to_model_list=True, metrics=None, display=<pycaret.internal.display.display.CommonDisplay object at 0x000001DC65B1EF10>, model_only=True, return_train_score=False, error_score=0.0, kwargs={})
2026-09-15 23:31:50,486:INFO:Checking exceptions
2026-09-15 23:31:50,486:INFO:Importing libraries
2026-09-15 23:31:50,486:INFO:Copying training dataset
2026-09-15 23:31:50,489:INFO:Defining folds
2026-09-15 23:31:50,489:INFO:Declaring metric variables
2026-09-15 23:31:50,489:INFO:Importing untrained model
2026-09-15 23:31:50,490:INFO:Decision Tree Classifier Imported successfully
2026-09-15 23:31:50,491:INFO:Starting cross validation
2026-09-15 23:31:50,491:INFO:Cross validating with StratifiedKFold(n_splits=10, random_state=None, shuffle=False), n_jobs=-1
2026-09-15 23:31:50,556:INFO:Calculating mean and std
2026-09-15 23:31:50,557:INFO:Creating metrics dataframe
2026-09-15 23:31:50,561:INFO:Uploading results into container
2026-09-15 23:31:50,562:INFO:Uploading model into container now
2026-09-15 23:31:50,562:INFO:_master_model_container: 4
2026-09-15 23:31:50,562:INFO:_display_container: 2
2026-09-15 23:31:50,563:INFO:DecisionTreeClassifier(ccp_alpha=0.0, class_weight=None, criterion='gini',
                       max_depth=None, max_features=None, max_leaf_nodes=None,
                       min_impurity_decrease=0.0, min_samples_leaf=1,
                       min_samples_split=2, min_weight_fraction_leaf=0.0,
                       monotonic_cst=None, random_state=5090, splitter='best')
2026-09-15 23:31:50,563:INFO:create_model() successfully completed......................................
2026-09-15 23:31:50,700:INFO:SubProcess create_model() end ==================================
2026-09-15 23:31:50,701:INFO:Creating metrics dataframe
2026-09-15 23:31:50,705:INFO:Initializing SVM - Linear Kernel
2026-09-15 23:31:50,705:INFO:Total runtime is 0.11509366830190024 minutes
2026-09-15 23:31:50,705:INFO:SubProcess create_model() called ==================================
2026-09-15 23:31:50,705:INFO:Initializing create_model()
2026-09-15 23:31:50,705:INFO:create_model(self=<pycaret.classification.oop.ClassificationExperiment object at 0x000001DC60AD1D10>, estimator=svm, fold=StratifiedKFold(n_splits=10, random_state=None, shuffle=False), round=4, cross_validation=True, predict=True, fit_kwargs={}, groups=None, refit=False, probability_threshold=None, experiment_custom_tags=None, verbose=False, system=False, add_to_model_list=True, metrics=None, display=<pycaret.internal.display.display.CommonDisplay object at 0x000001DC65B1EF10>, model_only=True, return_train_score=False, error_score=0.0, kwargs={})
2026-09-15 23:31:50,705:INFO:Checking exceptions
2026-09-15 23:31:50,706:INFO:Importing libraries
2026-09-15 23:31:50,706:INFO:Copying training dataset
2026-09-15 23:31:50,709:INFO:Defining folds
2026-09-15 23:31:50,709:INFO:Declaring metric variables
2026-09-15 23:31:50,710:INFO:Importing untrained model
2026-09-15 23:31:50,710:INFO:SVM - Linear Kernel Imported successfully
2026-09-15 23:31:50,711:INFO:Starting cross validation
2026-09-15 23:31:50,711:INFO:Cross validating with StratifiedKFold(n_splits=10, random_state=None, shuffle=False), n_jobs=-1
2026-09-15 23:31:50,764:WARNING:C:\Users\IRSYAD NASHRULLAH\AppData\Local\Programs\Python\Python311\Lib\site-packages\pycaret\internal\metrics.py:204: FitFailedWarning: Metric 'make_scorer(roc_auc_score, response_method=('decision_function', 'predict_proba'), average=weighted, multi_class=ovr)' failed and error score 0.0 has been returned instead. If this is a custom metric, this usually means that the error is in the metric code. Full exception below:
Traceback (most recent call last):
  File "C:\Users\IRSYAD NASHRULLAH\AppData\Local\Programs\Python\Python311\Lib\site-packages\pycaret\internal\metrics.py", line 196, in _score
    return super()._score(
           ^^^^^^^^^^^^^^^
  File "C:\Users\IRSYAD NASHRULLAH\AppData\Local\Programs\Python\Python311\Lib\site-packages\sklearn\metrics\_scorer.py", line 350, in _score
    return self._sign * self._score_func(y_true, y_pred, **scoring_kwargs)
                        ^^^^^^^^^^^^^^^^^^^^^^^^^^^^^^^^^^^^^^^^^^^^^^^^^^
  File "C:\Users\IRSYAD NASHRULLAH\AppData\Local\Programs\Python\Python311\Lib\site-packages\pycaret\internal\metrics.py", line 144, in __call__
    return self.score_func(y_true, y_pred, **kwargs)
           ^^^^^^^^^^^^^^^^^^^^^^^^^^^^^^^^^^^^^^^^^
  File "C:\Users\IRSYAD NASHRULLAH\AppData\Local\Programs\Python\Python311\Lib\site-packages\sklearn\utils\_param_validation.py", line 213, in wrapper
    return func(*args, **kwargs)
           ^^^^^^^^^^^^^^^^^^^^^
  File "C:\Users\IRSYAD NASHRULLAH\AppData\Local\Programs\Python\Python311\Lib\site-packages\sklearn\metrics\_ranking.py", line 634, in roc_auc_score
    return _multiclass_roc_auc_score(
           ^^^^^^^^^^^^^^^^^^^^^^^^^^
  File "C:\Users\IRSYAD NASHRULLAH\AppData\Local\Programs\Python\Python311\Lib\site-packages\sklearn\metrics\_ranking.py", line 707, in _multiclass_roc_auc_score
    raise ValueError(
ValueError: Target scores need to be probabilities for multiclass roc_auc, i.e. they should sum up to 1.0 over classes

  warnings.warn(

2026-09-15 23:31:50,764:WARNING:C:\Users\IRSYAD NASHRULLAH\AppData\Local\Programs\Python\Python311\Lib\site-packages\pycaret\internal\metrics.py:204: FitFailedWarning: Metric 'make_scorer(roc_auc_score, response_method=('decision_function', 'predict_proba'), average=weighted, multi_class=ovr)' failed and error score 0.0 has been returned instead. If this is a custom metric, this usually means that the error is in the metric code. Full exception below:
Traceback (most recent call last):
  File "C:\Users\IRSYAD NASHRULLAH\AppData\Local\Programs\Python\Python311\Lib\site-packages\pycaret\internal\metrics.py", line 196, in _score
    return super()._score(
           ^^^^^^^^^^^^^^^
  File "C:\Users\IRSYAD NASHRULLAH\AppData\Local\Programs\Python\Python311\Lib\site-packages\sklearn\metrics\_scorer.py", line 350, in _score
    return self._sign * self._score_func(y_true, y_pred, **scoring_kwargs)
                        ^^^^^^^^^^^^^^^^^^^^^^^^^^^^^^^^^^^^^^^^^^^^^^^^^^
  File "C:\Users\IRSYAD NASHRULLAH\AppData\Local\Programs\Python\Python311\Lib\site-packages\pycaret\internal\metrics.py", line 144, in __call__
    return self.score_func(y_true, y_pred, **kwargs)
           ^^^^^^^^^^^^^^^^^^^^^^^^^^^^^^^^^^^^^^^^^
  File "C:\Users\IRSYAD NASHRULLAH\AppData\Local\Programs\Python\Python311\Lib\site-packages\sklearn\utils\_param_validation.py", line 213, in wrapper
    return func(*args, **kwargs)
           ^^^^^^^^^^^^^^^^^^^^^
  File "C:\Users\IRSYAD NASHRULLAH\AppData\Local\Programs\Python\Python311\Lib\site-packages\sklearn\metrics\_ranking.py", line 634, in roc_auc_score
    return _multiclass_roc_auc_score(
           ^^^^^^^^^^^^^^^^^^^^^^^^^^
  File "C:\Users\IRSYAD NASHRULLAH\AppData\Local\Programs\Python\Python311\Lib\site-packages\sklearn\metrics\_ranking.py", line 707, in _multiclass_roc_auc_score
    raise ValueError(
ValueError: Target scores need to be probabilities for multiclass roc_auc, i.e. they should sum up to 1.0 over classes

  warnings.warn(

2026-09-15 23:31:50,765:WARNING:C:\Users\IRSYAD NASHRULLAH\AppData\Local\Programs\Python\Python311\Lib\site-packages\pycaret\internal\metrics.py:204: FitFailedWarning: Metric 'make_scorer(roc_auc_score, response_method=('decision_function', 'predict_proba'), average=weighted, multi_class=ovr)' failed and error score 0.0 has been returned instead. If this is a custom metric, this usually means that the error is in the metric code. Full exception below:
Traceback (most recent call last):
  File "C:\Users\IRSYAD NASHRULLAH\AppData\Local\Programs\Python\Python311\Lib\site-packages\pycaret\internal\metrics.py", line 196, in _score
    return super()._score(
           ^^^^^^^^^^^^^^^
  File "C:\Users\IRSYAD NASHRULLAH\AppData\Local\Programs\Python\Python311\Lib\site-packages\sklearn\metrics\_scorer.py", line 350, in _score
    return self._sign * self._score_func(y_true, y_pred, **scoring_kwargs)
                        ^^^^^^^^^^^^^^^^^^^^^^^^^^^^^^^^^^^^^^^^^^^^^^^^^^
  File "C:\Users\IRSYAD NASHRULLAH\AppData\Local\Programs\Python\Python311\Lib\site-packages\pycaret\internal\metrics.py", line 144, in __call__
    return self.score_func(y_true, y_pred, **kwargs)
           ^^^^^^^^^^^^^^^^^^^^^^^^^^^^^^^^^^^^^^^^^
  File "C:\Users\IRSYAD NASHRULLAH\AppData\Local\Programs\Python\Python311\Lib\site-packages\sklearn\utils\_param_validation.py", line 213, in wrapper
    return func(*args, **kwargs)
           ^^^^^^^^^^^^^^^^^^^^^
  File "C:\Users\IRSYAD NASHRULLAH\AppData\Local\Programs\Python\Python311\Lib\site-packages\sklearn\metrics\_ranking.py", line 634, in roc_auc_score
    return _multiclass_roc_auc_score(
           ^^^^^^^^^^^^^^^^^^^^^^^^^^
  File "C:\Users\IRSYAD NASHRULLAH\AppData\Local\Programs\Python\Python311\Lib\site-packages\sklearn\metrics\_ranking.py", line 707, in _multiclass_roc_auc_score
    raise ValueError(
ValueError: Target scores need to be probabilities for multiclass roc_auc, i.e. they should sum up to 1.0 over classes

  warnings.warn(

2026-09-15 23:31:50,766:WARNING:C:\Users\IRSYAD NASHRULLAH\AppData\Local\Programs\Python\Python311\Lib\site-packages\pycaret\internal\metrics.py:204: FitFailedWarning: Metric 'make_scorer(roc_auc_score, response_method=('decision_function', 'predict_proba'), average=weighted, multi_class=ovr)' failed and error score 0.0 has been returned instead. If this is a custom metric, this usually means that the error is in the metric code. Full exception below:
Traceback (most recent call last):
  File "C:\Users\IRSYAD NASHRULLAH\AppData\Local\Programs\Python\Python311\Lib\site-packages\pycaret\internal\metrics.py", line 196, in _score
    return super()._score(
           ^^^^^^^^^^^^^^^
  File "C:\Users\IRSYAD NASHRULLAH\AppData\Local\Programs\Python\Python311\Lib\site-packages\sklearn\metrics\_scorer.py", line 350, in _score
    return self._sign * self._score_func(y_true, y_pred, **scoring_kwargs)
                        ^^^^^^^^^^^^^^^^^^^^^^^^^^^^^^^^^^^^^^^^^^^^^^^^^^
  File "C:\Users\IRSYAD NASHRULLAH\AppData\Local\Programs\Python\Python311\Lib\site-packages\pycaret\internal\metrics.py", line 144, in __call__
    return self.score_func(y_true, y_pred, **kwargs)
           ^^^^^^^^^^^^^^^^^^^^^^^^^^^^^^^^^^^^^^^^^
  File "C:\Users\IRSYAD NASHRULLAH\AppData\Local\Programs\Python\Python311\Lib\site-packages\sklearn\utils\_param_validation.py", line 213, in wrapper
    return func(*args, **kwargs)
           ^^^^^^^^^^^^^^^^^^^^^
  File "C:\Users\IRSYAD NASHRULLAH\AppData\Local\Programs\Python\Python311\Lib\site-packages\sklearn\metrics\_ranking.py", line 634, in roc_auc_score
    return _multiclass_roc_auc_score(
           ^^^^^^^^^^^^^^^^^^^^^^^^^^
  File "C:\Users\IRSYAD NASHRULLAH\AppData\Local\Programs\Python\Python311\Lib\site-packages\sklearn\metrics\_ranking.py", line 707, in _multiclass_roc_auc_score
    raise ValueError(
ValueError: Target scores need to be probabilities for multiclass roc_auc, i.e. they should sum up to 1.0 over classes

  warnings.warn(

2026-09-15 23:31:50,767:WARNING:C:\Users\IRSYAD NASHRULLAH\AppData\Local\Programs\Python\Python311\Lib\site-packages\pycaret\internal\metrics.py:204: FitFailedWarning: Metric 'make_scorer(roc_auc_score, response_method=('decision_function', 'predict_proba'), average=weighted, multi_class=ovr)' failed and error score 0.0 has been returned instead. If this is a custom metric, this usually means that the error is in the metric code. Full exception below:
Traceback (most recent call last):
  File "C:\Users\IRSYAD NASHRULLAH\AppData\Local\Programs\Python\Python311\Lib\site-packages\pycaret\internal\metrics.py", line 196, in _score
    return super()._score(
           ^^^^^^^^^^^^^^^
  File "C:\Users\IRSYAD NASHRULLAH\AppData\Local\Programs\Python\Python311\Lib\site-packages\sklearn\metrics\_scorer.py", line 350, in _score
    return self._sign * self._score_func(y_true, y_pred, **scoring_kwargs)
                        ^^^^^^^^^^^^^^^^^^^^^^^^^^^^^^^^^^^^^^^^^^^^^^^^^^
  File "C:\Users\IRSYAD NASHRULLAH\AppData\Local\Programs\Python\Python311\Lib\site-packages\pycaret\internal\metrics.py", line 144, in __call__
    return self.score_func(y_true, y_pred, **kwargs)
           ^^^^^^^^^^^^^^^^^^^^^^^^^^^^^^^^^^^^^^^^^
  File "C:\Users\IRSYAD NASHRULLAH\AppData\Local\Programs\Python\Python311\Lib\site-packages\sklearn\utils\_param_validation.py", line 213, in wrapper
    return func(*args, **kwargs)
           ^^^^^^^^^^^^^^^^^^^^^
  File "C:\Users\IRSYAD NASHRULLAH\AppData\Local\Programs\Python\Python311\Lib\site-packages\sklearn\metrics\_ranking.py", line 634, in roc_auc_score
    return _multiclass_roc_auc_score(
           ^^^^^^^^^^^^^^^^^^^^^^^^^^
  File "C:\Users\IRSYAD NASHRULLAH\AppData\Local\Programs\Python\Python311\Lib\site-packages\sklearn\metrics\_ranking.py", line 707, in _multiclass_roc_auc_score
    raise ValueError(
ValueError: Target scores need to be probabilities for multiclass roc_auc, i.e. they should sum up to 1.0 over classes

  warnings.warn(

2026-09-15 23:31:50,769:WARNING:C:\Users\IRSYAD NASHRULLAH\AppData\Local\Programs\Python\Python311\Lib\site-packages\pycaret\internal\metrics.py:204: FitFailedWarning: Metric 'make_scorer(roc_auc_score, response_method=('decision_function', 'predict_proba'), average=weighted, multi_class=ovr)' failed and error score 0.0 has been returned instead. If this is a custom metric, this usually means that the error is in the metric code. Full exception below:
Traceback (most recent call last):
  File "C:\Users\IRSYAD NASHRULLAH\AppData\Local\Programs\Python\Python311\Lib\site-packages\pycaret\internal\metrics.py", line 196, in _score
    return super()._score(
           ^^^^^^^^^^^^^^^
  File "C:\Users\IRSYAD NASHRULLAH\AppData\Local\Programs\Python\Python311\Lib\site-packages\sklearn\metrics\_scorer.py", line 350, in _score
    return self._sign * self._score_func(y_true, y_pred, **scoring_kwargs)
                        ^^^^^^^^^^^^^^^^^^^^^^^^^^^^^^^^^^^^^^^^^^^^^^^^^^
  File "C:\Users\IRSYAD NASHRULLAH\AppData\Local\Programs\Python\Python311\Lib\site-packages\pycaret\internal\metrics.py", line 144, in __call__
    return self.score_func(y_true, y_pred, **kwargs)
           ^^^^^^^^^^^^^^^^^^^^^^^^^^^^^^^^^^^^^^^^^
  File "C:\Users\IRSYAD NASHRULLAH\AppData\Local\Programs\Python\Python311\Lib\site-packages\sklearn\utils\_param_validation.py", line 213, in wrapper
    return func(*args, **kwargs)
           ^^^^^^^^^^^^^^^^^^^^^
  File "C:\Users\IRSYAD NASHRULLAH\AppData\Local\Programs\Python\Python311\Lib\site-packages\sklearn\metrics\_ranking.py", line 634, in roc_auc_score
    return _multiclass_roc_auc_score(
           ^^^^^^^^^^^^^^^^^^^^^^^^^^
  File "C:\Users\IRSYAD NASHRULLAH\AppData\Local\Programs\Python\Python311\Lib\site-packages\sklearn\metrics\_ranking.py", line 707, in _multiclass_roc_auc_score
    raise ValueError(
ValueError: Target scores need to be probabilities for multiclass roc_auc, i.e. they should sum up to 1.0 over classes

  warnings.warn(

2026-09-15 23:31:50,770:WARNING:C:\Users\IRSYAD NASHRULLAH\AppData\Local\Programs\Python\Python311\Lib\site-packages\pycaret\internal\metrics.py:204: FitFailedWarning: Metric 'make_scorer(roc_auc_score, response_method=('decision_function', 'predict_proba'), average=weighted, multi_class=ovr)' failed and error score 0.0 has been returned instead. If this is a custom metric, this usually means that the error is in the metric code. Full exception below:
Traceback (most recent call last):
  File "C:\Users\IRSYAD NASHRULLAH\AppData\Local\Programs\Python\Python311\Lib\site-packages\pycaret\internal\metrics.py", line 196, in _score
    return super()._score(
           ^^^^^^^^^^^^^^^
  File "C:\Users\IRSYAD NASHRULLAH\AppData\Local\Programs\Python\Python311\Lib\site-packages\sklearn\metrics\_scorer.py", line 350, in _score
    return self._sign * self._score_func(y_true, y_pred, **scoring_kwargs)
                        ^^^^^^^^^^^^^^^^^^^^^^^^^^^^^^^^^^^^^^^^^^^^^^^^^^
  File "C:\Users\IRSYAD NASHRULLAH\AppData\Local\Programs\Python\Python311\Lib\site-packages\pycaret\internal\metrics.py", line 144, in __call__
    return self.score_func(y_true, y_pred, **kwargs)
           ^^^^^^^^^^^^^^^^^^^^^^^^^^^^^^^^^^^^^^^^^
  File "C:\Users\IRSYAD NASHRULLAH\AppData\Local\Programs\Python\Python311\Lib\site-packages\sklearn\utils\_param_validation.py", line 213, in wrapper
    return func(*args, **kwargs)
           ^^^^^^^^^^^^^^^^^^^^^
  File "C:\Users\IRSYAD NASHRULLAH\AppData\Local\Programs\Python\Python311\Lib\site-packages\sklearn\metrics\_ranking.py", line 634, in roc_auc_score
    return _multiclass_roc_auc_score(
           ^^^^^^^^^^^^^^^^^^^^^^^^^^
  File "C:\Users\IRSYAD NASHRULLAH\AppData\Local\Programs\Python\Python311\Lib\site-packages\sklearn\metrics\_ranking.py", line 707, in _multiclass_roc_auc_score
    raise ValueError(
ValueError: Target scores need to be probabilities for multiclass roc_auc, i.e. they should sum up to 1.0 over classes

  warnings.warn(

2026-09-15 23:31:50,770:WARNING:C:\Users\IRSYAD NASHRULLAH\AppData\Local\Programs\Python\Python311\Lib\site-packages\sklearn\metrics\_classification.py:1509: UndefinedMetricWarning: Precision is ill-defined and being set to 0.0 in labels with no predicted samples. Use `zero_division` parameter to control this behavior.
  _warn_prf(average, modifier, f"{metric.capitalize()} is", len(result))

2026-09-15 23:31:50,771:WARNING:C:\Users\IRSYAD NASHRULLAH\AppData\Local\Programs\Python\Python311\Lib\site-packages\pycaret\internal\metrics.py:204: FitFailedWarning: Metric 'make_scorer(roc_auc_score, response_method=('decision_function', 'predict_proba'), average=weighted, multi_class=ovr)' failed and error score 0.0 has been returned instead. If this is a custom metric, this usually means that the error is in the metric code. Full exception below:
Traceback (most recent call last):
  File "C:\Users\IRSYAD NASHRULLAH\AppData\Local\Programs\Python\Python311\Lib\site-packages\pycaret\internal\metrics.py", line 196, in _score
    return super()._score(
           ^^^^^^^^^^^^^^^
  File "C:\Users\IRSYAD NASHRULLAH\AppData\Local\Programs\Python\Python311\Lib\site-packages\sklearn\metrics\_scorer.py", line 350, in _score
    return self._sign * self._score_func(y_true, y_pred, **scoring_kwargs)
                        ^^^^^^^^^^^^^^^^^^^^^^^^^^^^^^^^^^^^^^^^^^^^^^^^^^
  File "C:\Users\IRSYAD NASHRULLAH\AppData\Local\Programs\Python\Python311\Lib\site-packages\pycaret\internal\metrics.py", line 144, in __call__
    return self.score_func(y_true, y_pred, **kwargs)
           ^^^^^^^^^^^^^^^^^^^^^^^^^^^^^^^^^^^^^^^^^
  File "C:\Users\IRSYAD NASHRULLAH\AppData\Local\Programs\Python\Python311\Lib\site-packages\sklearn\utils\_param_validation.py", line 213, in wrapper
    return func(*args, **kwargs)
           ^^^^^^^^^^^^^^^^^^^^^
  File "C:\Users\IRSYAD NASHRULLAH\AppData\Local\Programs\Python\Python311\Lib\site-packages\sklearn\metrics\_ranking.py", line 634, in roc_auc_score
    return _multiclass_roc_auc_score(
           ^^^^^^^^^^^^^^^^^^^^^^^^^^
  File "C:\Users\IRSYAD NASHRULLAH\AppData\Local\Programs\Python\Python311\Lib\site-packages\sklearn\metrics\_ranking.py", line 707, in _multiclass_roc_auc_score
    raise ValueError(
ValueError: Target scores need to be probabilities for multiclass roc_auc, i.e. they should sum up to 1.0 over classes

  warnings.warn(

2026-09-15 23:31:50,771:WARNING:C:\Users\IRSYAD NASHRULLAH\AppData\Local\Programs\Python\Python311\Lib\site-packages\sklearn\metrics\_classification.py:1509: UndefinedMetricWarning: Precision is ill-defined and being set to 0.0 in labels with no predicted samples. Use `zero_division` parameter to control this behavior.
  _warn_prf(average, modifier, f"{metric.capitalize()} is", len(result))

2026-09-15 23:31:50,772:WARNING:C:\Users\IRSYAD NASHRULLAH\AppData\Local\Programs\Python\Python311\Lib\site-packages\pycaret\internal\metrics.py:204: FitFailedWarning: Metric 'make_scorer(roc_auc_score, response_method=('decision_function', 'predict_proba'), average=weighted, multi_class=ovr)' failed and error score 0.0 has been returned instead. If this is a custom metric, this usually means that the error is in the metric code. Full exception below:
Traceback (most recent call last):
  File "C:\Users\IRSYAD NASHRULLAH\AppData\Local\Programs\Python\Python311\Lib\site-packages\pycaret\internal\metrics.py", line 196, in _score
    return super()._score(
           ^^^^^^^^^^^^^^^
  File "C:\Users\IRSYAD NASHRULLAH\AppData\Local\Programs\Python\Python311\Lib\site-packages\sklearn\metrics\_scorer.py", line 350, in _score
    return self._sign * self._score_func(y_true, y_pred, **scoring_kwargs)
                        ^^^^^^^^^^^^^^^^^^^^^^^^^^^^^^^^^^^^^^^^^^^^^^^^^^
  File "C:\Users\IRSYAD NASHRULLAH\AppData\Local\Programs\Python\Python311\Lib\site-packages\pycaret\internal\metrics.py", line 144, in __call__
    return self.score_func(y_true, y_pred, **kwargs)
           ^^^^^^^^^^^^^^^^^^^^^^^^^^^^^^^^^^^^^^^^^
  File "C:\Users\IRSYAD NASHRULLAH\AppData\Local\Programs\Python\Python311\Lib\site-packages\sklearn\utils\_param_validation.py", line 213, in wrapper
    return func(*args, **kwargs)
           ^^^^^^^^^^^^^^^^^^^^^
  File "C:\Users\IRSYAD NASHRULLAH\AppData\Local\Programs\Python\Python311\Lib\site-packages\sklearn\metrics\_ranking.py", line 634, in roc_auc_score
    return _multiclass_roc_auc_score(
           ^^^^^^^^^^^^^^^^^^^^^^^^^^
  File "C:\Users\IRSYAD NASHRULLAH\AppData\Local\Programs\Python\Python311\Lib\site-packages\sklearn\metrics\_ranking.py", line 707, in _multiclass_roc_auc_score
    raise ValueError(
ValueError: Target scores need to be probabilities for multiclass roc_auc, i.e. they should sum up to 1.0 over classes

  warnings.warn(

2026-09-15 23:31:50,776:WARNING:C:\Users\IRSYAD NASHRULLAH\AppData\Local\Programs\Python\Python311\Lib\site-packages\sklearn\metrics\_classification.py:1509: UndefinedMetricWarning: Precision is ill-defined and being set to 0.0 in labels with no predicted samples. Use `zero_division` parameter to control this behavior.
  _warn_prf(average, modifier, f"{metric.capitalize()} is", len(result))

2026-09-15 23:31:50,778:WARNING:C:\Users\IRSYAD NASHRULLAH\AppData\Local\Programs\Python\Python311\Lib\site-packages\sklearn\metrics\_classification.py:1509: UndefinedMetricWarning: Precision is ill-defined and being set to 0.0 in labels with no predicted samples. Use `zero_division` parameter to control this behavior.
  _warn_prf(average, modifier, f"{metric.capitalize()} is", len(result))

2026-09-15 23:31:50,794:INFO:Calculating mean and std
2026-09-15 23:31:50,795:INFO:Creating metrics dataframe
2026-09-15 23:31:50,797:INFO:Uploading results into container
2026-09-15 23:31:50,797:INFO:Uploading model into container now
2026-09-15 23:31:50,797:INFO:_master_model_container: 5
2026-09-15 23:31:50,797:INFO:_display_container: 2
2026-09-15 23:31:50,799:INFO:SGDClassifier(alpha=0.0001, average=False, class_weight=None,
              early_stopping=False, epsilon=0.1, eta0=0.001, fit_intercept=True,
              l1_ratio=0.15, learning_rate='optimal', loss='hinge',
              max_iter=1000, n_iter_no_change=5, n_jobs=-1, penalty='l2',
              power_t=0.5, random_state=5090, shuffle=True, tol=0.001,
              validation_fraction=0.1, verbose=0, warm_start=False)
2026-09-15 23:31:50,799:INFO:create_model() successfully completed......................................
2026-09-15 23:31:50,883:INFO:SubProcess create_model() end ==================================
2026-09-15 23:31:50,883:INFO:Creating metrics dataframe
2026-09-15 23:31:50,886:INFO:Initializing Ridge Classifier
2026-09-15 23:31:50,886:INFO:Total runtime is 0.11811526616414389 minutes
2026-09-15 23:31:50,886:INFO:SubProcess create_model() called ==================================
2026-09-15 23:31:50,886:INFO:Initializing create_model()
2026-09-15 23:31:50,886:INFO:create_model(self=<pycaret.classification.oop.ClassificationExperiment object at 0x000001DC60AD1D10>, estimator=ridge, fold=StratifiedKFold(n_splits=10, random_state=None, shuffle=False), round=4, cross_validation=True, predict=True, fit_kwargs={}, groups=None, refit=False, probability_threshold=None, experiment_custom_tags=None, verbose=False, system=False, add_to_model_list=True, metrics=None, display=<pycaret.internal.display.display.CommonDisplay object at 0x000001DC65B1EF10>, model_only=True, return_train_score=False, error_score=0.0, kwargs={})
2026-09-15 23:31:50,886:INFO:Checking exceptions
2026-09-15 23:31:50,886:INFO:Importing libraries
2026-09-15 23:31:50,886:INFO:Copying training dataset
2026-09-15 23:31:50,891:INFO:Defining folds
2026-09-15 23:31:50,891:INFO:Declaring metric variables
2026-09-15 23:31:50,891:INFO:Importing untrained model
2026-09-15 23:31:50,891:INFO:Ridge Classifier Imported successfully
2026-09-15 23:31:50,891:INFO:Starting cross validation
2026-09-15 23:31:50,892:INFO:Cross validating with StratifiedKFold(n_splits=10, random_state=None, shuffle=False), n_jobs=-1
2026-09-15 23:31:50,967:WARNING:C:\Users\IRSYAD NASHRULLAH\AppData\Local\Programs\Python\Python311\Lib\site-packages\pycaret\internal\metrics.py:204: FitFailedWarning: Metric 'make_scorer(roc_auc_score, response_method=('decision_function', 'predict_proba'), average=weighted, multi_class=ovr)' failed and error score 0.0 has been returned instead. If this is a custom metric, this usually means that the error is in the metric code. Full exception below:
Traceback (most recent call last):
  File "C:\Users\IRSYAD NASHRULLAH\AppData\Local\Programs\Python\Python311\Lib\site-packages\pycaret\internal\metrics.py", line 196, in _score
    return super()._score(
           ^^^^^^^^^^^^^^^
  File "C:\Users\IRSYAD NASHRULLAH\AppData\Local\Programs\Python\Python311\Lib\site-packages\sklearn\metrics\_scorer.py", line 350, in _score
    return self._sign * self._score_func(y_true, y_pred, **scoring_kwargs)
                        ^^^^^^^^^^^^^^^^^^^^^^^^^^^^^^^^^^^^^^^^^^^^^^^^^^
  File "C:\Users\IRSYAD NASHRULLAH\AppData\Local\Programs\Python\Python311\Lib\site-packages\pycaret\internal\metrics.py", line 144, in __call__
    return self.score_func(y_true, y_pred, **kwargs)
           ^^^^^^^^^^^^^^^^^^^^^^^^^^^^^^^^^^^^^^^^^
  File "C:\Users\IRSYAD NASHRULLAH\AppData\Local\Programs\Python\Python311\Lib\site-packages\sklearn\utils\_param_validation.py", line 213, in wrapper
    return func(*args, **kwargs)
           ^^^^^^^^^^^^^^^^^^^^^
  File "C:\Users\IRSYAD NASHRULLAH\AppData\Local\Programs\Python\Python311\Lib\site-packages\sklearn\metrics\_ranking.py", line 634, in roc_auc_score
    return _multiclass_roc_auc_score(
           ^^^^^^^^^^^^^^^^^^^^^^^^^^
  File "C:\Users\IRSYAD NASHRULLAH\AppData\Local\Programs\Python\Python311\Lib\site-packages\sklearn\metrics\_ranking.py", line 707, in _multiclass_roc_auc_score
    raise ValueError(
ValueError: Target scores need to be probabilities for multiclass roc_auc, i.e. they should sum up to 1.0 over classes

  warnings.warn(

2026-09-15 23:31:50,968:WARNING:C:\Users\IRSYAD NASHRULLAH\AppData\Local\Programs\Python\Python311\Lib\site-packages\pycaret\internal\metrics.py:204: FitFailedWarning: Metric 'make_scorer(roc_auc_score, response_method=('decision_function', 'predict_proba'), average=weighted, multi_class=ovr)' failed and error score 0.0 has been returned instead. If this is a custom metric, this usually means that the error is in the metric code. Full exception below:
Traceback (most recent call last):
  File "C:\Users\IRSYAD NASHRULLAH\AppData\Local\Programs\Python\Python311\Lib\site-packages\pycaret\internal\metrics.py", line 196, in _score
    return super()._score(
           ^^^^^^^^^^^^^^^
  File "C:\Users\IRSYAD NASHRULLAH\AppData\Local\Programs\Python\Python311\Lib\site-packages\sklearn\metrics\_scorer.py", line 350, in _score
    return self._sign * self._score_func(y_true, y_pred, **scoring_kwargs)
                        ^^^^^^^^^^^^^^^^^^^^^^^^^^^^^^^^^^^^^^^^^^^^^^^^^^
  File "C:\Users\IRSYAD NASHRULLAH\AppData\Local\Programs\Python\Python311\Lib\site-packages\pycaret\internal\metrics.py", line 144, in __call__
    return self.score_func(y_true, y_pred, **kwargs)
           ^^^^^^^^^^^^^^^^^^^^^^^^^^^^^^^^^^^^^^^^^
  File "C:\Users\IRSYAD NASHRULLAH\AppData\Local\Programs\Python\Python311\Lib\site-packages\sklearn\utils\_param_validation.py", line 213, in wrapper
    return func(*args, **kwargs)
           ^^^^^^^^^^^^^^^^^^^^^
  File "C:\Users\IRSYAD NASHRULLAH\AppData\Local\Programs\Python\Python311\Lib\site-packages\sklearn\metrics\_ranking.py", line 634, in roc_auc_score
    return _multiclass_roc_auc_score(
           ^^^^^^^^^^^^^^^^^^^^^^^^^^
  File "C:\Users\IRSYAD NASHRULLAH\AppData\Local\Programs\Python\Python311\Lib\site-packages\sklearn\metrics\_ranking.py", line 707, in _multiclass_roc_auc_score
    raise ValueError(
ValueError: Target scores need to be probabilities for multiclass roc_auc, i.e. they should sum up to 1.0 over classes

  warnings.warn(

2026-09-15 23:31:50,969:WARNING:C:\Users\IRSYAD NASHRULLAH\AppData\Local\Programs\Python\Python311\Lib\site-packages\pycaret\internal\metrics.py:204: FitFailedWarning: Metric 'make_scorer(roc_auc_score, response_method=('decision_function', 'predict_proba'), average=weighted, multi_class=ovr)' failed and error score 0.0 has been returned instead. If this is a custom metric, this usually means that the error is in the metric code. Full exception below:
Traceback (most recent call last):
  File "C:\Users\IRSYAD NASHRULLAH\AppData\Local\Programs\Python\Python311\Lib\site-packages\pycaret\internal\metrics.py", line 196, in _score
    return super()._score(
           ^^^^^^^^^^^^^^^
  File "C:\Users\IRSYAD NASHRULLAH\AppData\Local\Programs\Python\Python311\Lib\site-packages\sklearn\metrics\_scorer.py", line 350, in _score
    return self._sign * self._score_func(y_true, y_pred, **scoring_kwargs)
                        ^^^^^^^^^^^^^^^^^^^^^^^^^^^^^^^^^^^^^^^^^^^^^^^^^^
  File "C:\Users\IRSYAD NASHRULLAH\AppData\Local\Programs\Python\Python311\Lib\site-packages\pycaret\internal\metrics.py", line 144, in __call__
    return self.score_func(y_true, y_pred, **kwargs)
           ^^^^^^^^^^^^^^^^^^^^^^^^^^^^^^^^^^^^^^^^^
  File "C:\Users\IRSYAD NASHRULLAH\AppData\Local\Programs\Python\Python311\Lib\site-packages\sklearn\utils\_param_validation.py", line 213, in wrapper
    return func(*args, **kwargs)
           ^^^^^^^^^^^^^^^^^^^^^
  File "C:\Users\IRSYAD NASHRULLAH\AppData\Local\Programs\Python\Python311\Lib\site-packages\sklearn\metrics\_ranking.py", line 634, in roc_auc_score
    return _multiclass_roc_auc_score(
           ^^^^^^^^^^^^^^^^^^^^^^^^^^
  File "C:\Users\IRSYAD NASHRULLAH\AppData\Local\Programs\Python\Python311\Lib\site-packages\sklearn\metrics\_ranking.py", line 707, in _multiclass_roc_auc_score
    raise ValueError(
ValueError: Target scores need to be probabilities for multiclass roc_auc, i.e. they should sum up to 1.0 over classes

  warnings.warn(

2026-09-15 23:31:50,971:WARNING:C:\Users\IRSYAD NASHRULLAH\AppData\Local\Programs\Python\Python311\Lib\site-packages\pycaret\internal\metrics.py:204: FitFailedWarning: Metric 'make_scorer(roc_auc_score, response_method=('decision_function', 'predict_proba'), average=weighted, multi_class=ovr)' failed and error score 0.0 has been returned instead. If this is a custom metric, this usually means that the error is in the metric code. Full exception below:
Traceback (most recent call last):
  File "C:\Users\IRSYAD NASHRULLAH\AppData\Local\Programs\Python\Python311\Lib\site-packages\pycaret\internal\metrics.py", line 196, in _score
    return super()._score(
           ^^^^^^^^^^^^^^^
  File "C:\Users\IRSYAD NASHRULLAH\AppData\Local\Programs\Python\Python311\Lib\site-packages\sklearn\metrics\_scorer.py", line 350, in _score
    return self._sign * self._score_func(y_true, y_pred, **scoring_kwargs)
                        ^^^^^^^^^^^^^^^^^^^^^^^^^^^^^^^^^^^^^^^^^^^^^^^^^^
  File "C:\Users\IRSYAD NASHRULLAH\AppData\Local\Programs\Python\Python311\Lib\site-packages\pycaret\internal\metrics.py", line 144, in __call__
    return self.score_func(y_true, y_pred, **kwargs)
           ^^^^^^^^^^^^^^^^^^^^^^^^^^^^^^^^^^^^^^^^^
  File "C:\Users\IRSYAD NASHRULLAH\AppData\Local\Programs\Python\Python311\Lib\site-packages\sklearn\utils\_param_validation.py", line 213, in wrapper
    return func(*args, **kwargs)
           ^^^^^^^^^^^^^^^^^^^^^
  File "C:\Users\IRSYAD NASHRULLAH\AppData\Local\Programs\Python\Python311\Lib\site-packages\sklearn\metrics\_ranking.py", line 634, in roc_auc_score
    return _multiclass_roc_auc_score(
           ^^^^^^^^^^^^^^^^^^^^^^^^^^
  File "C:\Users\IRSYAD NASHRULLAH\AppData\Local\Programs\Python\Python311\Lib\site-packages\sklearn\metrics\_ranking.py", line 707, in _multiclass_roc_auc_score
    raise ValueError(
ValueError: Target scores need to be probabilities for multiclass roc_auc, i.e. they should sum up to 1.0 over classes

  warnings.warn(

2026-09-15 23:31:50,971:WARNING:C:\Users\IRSYAD NASHRULLAH\AppData\Local\Programs\Python\Python311\Lib\site-packages\pycaret\internal\metrics.py:204: FitFailedWarning: Metric 'make_scorer(roc_auc_score, response_method=('decision_function', 'predict_proba'), average=weighted, multi_class=ovr)' failed and error score 0.0 has been returned instead. If this is a custom metric, this usually means that the error is in the metric code. Full exception below:
Traceback (most recent call last):
  File "C:\Users\IRSYAD NASHRULLAH\AppData\Local\Programs\Python\Python311\Lib\site-packages\pycaret\internal\metrics.py", line 196, in _score
    return super()._score(
           ^^^^^^^^^^^^^^^
  File "C:\Users\IRSYAD NASHRULLAH\AppData\Local\Programs\Python\Python311\Lib\site-packages\sklearn\metrics\_scorer.py", line 350, in _score
    return self._sign * self._score_func(y_true, y_pred, **scoring_kwargs)
                        ^^^^^^^^^^^^^^^^^^^^^^^^^^^^^^^^^^^^^^^^^^^^^^^^^^
  File "C:\Users\IRSYAD NASHRULLAH\AppData\Local\Programs\Python\Python311\Lib\site-packages\pycaret\internal\metrics.py", line 144, in __call__
    return self.score_func(y_true, y_pred, **kwargs)
           ^^^^^^^^^^^^^^^^^^^^^^^^^^^^^^^^^^^^^^^^^
  File "C:\Users\IRSYAD NASHRULLAH\AppData\Local\Programs\Python\Python311\Lib\site-packages\sklearn\utils\_param_validation.py", line 213, in wrapper
    return func(*args, **kwargs)
           ^^^^^^^^^^^^^^^^^^^^^
  File "C:\Users\IRSYAD NASHRULLAH\AppData\Local\Programs\Python\Python311\Lib\site-packages\sklearn\metrics\_ranking.py", line 634, in roc_auc_score
    return _multiclass_roc_auc_score(
           ^^^^^^^^^^^^^^^^^^^^^^^^^^
  File "C:\Users\IRSYAD NASHRULLAH\AppData\Local\Programs\Python\Python311\Lib\site-packages\sklearn\metrics\_ranking.py", line 707, in _multiclass_roc_auc_score
    raise ValueError(
ValueError: Target scores need to be probabilities for multiclass roc_auc, i.e. they should sum up to 1.0 over classes

  warnings.warn(

2026-09-15 23:31:50,974:WARNING:C:\Users\IRSYAD NASHRULLAH\AppData\Local\Programs\Python\Python311\Lib\site-packages\pycaret\internal\metrics.py:204: FitFailedWarning: Metric 'make_scorer(roc_auc_score, response_method=('decision_function', 'predict_proba'), average=weighted, multi_class=ovr)' failed and error score 0.0 has been returned instead. If this is a custom metric, this usually means that the error is in the metric code. Full exception below:
Traceback (most recent call last):
  File "C:\Users\IRSYAD NASHRULLAH\AppData\Local\Programs\Python\Python311\Lib\site-packages\pycaret\internal\metrics.py", line 196, in _score
    return super()._score(
           ^^^^^^^^^^^^^^^
  File "C:\Users\IRSYAD NASHRULLAH\AppData\Local\Programs\Python\Python311\Lib\site-packages\sklearn\metrics\_scorer.py", line 350, in _score
    return self._sign * self._score_func(y_true, y_pred, **scoring_kwargs)
                        ^^^^^^^^^^^^^^^^^^^^^^^^^^^^^^^^^^^^^^^^^^^^^^^^^^
  File "C:\Users\IRSYAD NASHRULLAH\AppData\Local\Programs\Python\Python311\Lib\site-packages\pycaret\internal\metrics.py", line 144, in __call__
    return self.score_func(y_true, y_pred, **kwargs)
           ^^^^^^^^^^^^^^^^^^^^^^^^^^^^^^^^^^^^^^^^^
  File "C:\Users\IRSYAD NASHRULLAH\AppData\Local\Programs\Python\Python311\Lib\site-packages\sklearn\utils\_param_validation.py", line 213, in wrapper
    return func(*args, **kwargs)
           ^^^^^^^^^^^^^^^^^^^^^
  File "C:\Users\IRSYAD NASHRULLAH\AppData\Local\Programs\Python\Python311\Lib\site-packages\sklearn\metrics\_ranking.py", line 634, in roc_auc_score
    return _multiclass_roc_auc_score(
           ^^^^^^^^^^^^^^^^^^^^^^^^^^
  File "C:\Users\IRSYAD NASHRULLAH\AppData\Local\Programs\Python\Python311\Lib\site-packages\sklearn\metrics\_ranking.py", line 707, in _multiclass_roc_auc_score
    raise ValueError(
ValueError: Target scores need to be probabilities for multiclass roc_auc, i.e. they should sum up to 1.0 over classes

  warnings.warn(

2026-09-15 23:31:51,034:WARNING:C:\Users\IRSYAD NASHRULLAH\AppData\Local\Programs\Python\Python311\Lib\site-packages\pycaret\internal\metrics.py:204: FitFailedWarning: Metric 'make_scorer(roc_auc_score, response_method=('decision_function', 'predict_proba'), average=weighted, multi_class=ovr)' failed and error score 0.0 has been returned instead. If this is a custom metric, this usually means that the error is in the metric code. Full exception below:
Traceback (most recent call last):
  File "C:\Users\IRSYAD NASHRULLAH\AppData\Local\Programs\Python\Python311\Lib\site-packages\pycaret\internal\metrics.py", line 196, in _score
    return super()._score(
           ^^^^^^^^^^^^^^^
  File "C:\Users\IRSYAD NASHRULLAH\AppData\Local\Programs\Python\Python311\Lib\site-packages\sklearn\metrics\_scorer.py", line 350, in _score
    return self._sign * self._score_func(y_true, y_pred, **scoring_kwargs)
                        ^^^^^^^^^^^^^^^^^^^^^^^^^^^^^^^^^^^^^^^^^^^^^^^^^^
  File "C:\Users\IRSYAD NASHRULLAH\AppData\Local\Programs\Python\Python311\Lib\site-packages\pycaret\internal\metrics.py", line 144, in __call__
    return self.score_func(y_true, y_pred, **kwargs)
           ^^^^^^^^^^^^^^^^^^^^^^^^^^^^^^^^^^^^^^^^^
  File "C:\Users\IRSYAD NASHRULLAH\AppData\Local\Programs\Python\Python311\Lib\site-packages\sklearn\utils\_param_validation.py", line 213, in wrapper
    return func(*args, **kwargs)
           ^^^^^^^^^^^^^^^^^^^^^
  File "C:\Users\IRSYAD NASHRULLAH\AppData\Local\Programs\Python\Python311\Lib\site-packages\sklearn\metrics\_ranking.py", line 634, in roc_auc_score
    return _multiclass_roc_auc_score(
           ^^^^^^^^^^^^^^^^^^^^^^^^^^
  File "C:\Users\IRSYAD NASHRULLAH\AppData\Local\Programs\Python\Python311\Lib\site-packages\sklearn\metrics\_ranking.py", line 707, in _multiclass_roc_auc_score
    raise ValueError(
ValueError: Target scores need to be probabilities for multiclass roc_auc, i.e. they should sum up to 1.0 over classes

  warnings.warn(

2026-09-15 23:31:51,284:WARNING:C:\Users\IRSYAD NASHRULLAH\AppData\Local\Programs\Python\Python311\Lib\site-packages\pycaret\internal\metrics.py:204: FitFailedWarning: Metric 'make_scorer(roc_auc_score, response_method=('decision_function', 'predict_proba'), average=weighted, multi_class=ovr)' failed and error score 0.0 has been returned instead. If this is a custom metric, this usually means that the error is in the metric code. Full exception below:
Traceback (most recent call last):
  File "C:\Users\IRSYAD NASHRULLAH\AppData\Local\Programs\Python\Python311\Lib\site-packages\pycaret\internal\metrics.py", line 196, in _score
    return super()._score(
           ^^^^^^^^^^^^^^^
  File "C:\Users\IRSYAD NASHRULLAH\AppData\Local\Programs\Python\Python311\Lib\site-packages\sklearn\metrics\_scorer.py", line 350, in _score
    return self._sign * self._score_func(y_true, y_pred, **scoring_kwargs)
                        ^^^^^^^^^^^^^^^^^^^^^^^^^^^^^^^^^^^^^^^^^^^^^^^^^^
  File "C:\Users\IRSYAD NASHRULLAH\AppData\Local\Programs\Python\Python311\Lib\site-packages\pycaret\internal\metrics.py", line 144, in __call__
    return self.score_func(y_true, y_pred, **kwargs)
           ^^^^^^^^^^^^^^^^^^^^^^^^^^^^^^^^^^^^^^^^^
  File "C:\Users\IRSYAD NASHRULLAH\AppData\Local\Programs\Python\Python311\Lib\site-packages\sklearn\utils\_param_validation.py", line 213, in wrapper
    return func(*args, **kwargs)
           ^^^^^^^^^^^^^^^^^^^^^
  File "C:\Users\IRSYAD NASHRULLAH\AppData\Local\Programs\Python\Python311\Lib\site-packages\sklearn\metrics\_ranking.py", line 634, in roc_auc_score
    return _multiclass_roc_auc_score(
           ^^^^^^^^^^^^^^^^^^^^^^^^^^
  File "C:\Users\IRSYAD NASHRULLAH\AppData\Local\Programs\Python\Python311\Lib\site-packages\sklearn\metrics\_ranking.py", line 707, in _multiclass_roc_auc_score
    raise ValueError(
ValueError: Target scores need to be probabilities for multiclass roc_auc, i.e. they should sum up to 1.0 over classes

  warnings.warn(

2026-09-15 23:31:51,287:WARNING:C:\Users\IRSYAD NASHRULLAH\AppData\Local\Programs\Python\Python311\Lib\site-packages\pycaret\internal\metrics.py:204: FitFailedWarning: Metric 'make_scorer(roc_auc_score, response_method=('decision_function', 'predict_proba'), average=weighted, multi_class=ovr)' failed and error score 0.0 has been returned instead. If this is a custom metric, this usually means that the error is in the metric code. Full exception below:
Traceback (most recent call last):
  File "C:\Users\IRSYAD NASHRULLAH\AppData\Local\Programs\Python\Python311\Lib\site-packages\pycaret\internal\metrics.py", line 196, in _score
    return super()._score(
           ^^^^^^^^^^^^^^^
  File "C:\Users\IRSYAD NASHRULLAH\AppData\Local\Programs\Python\Python311\Lib\site-packages\sklearn\metrics\_scorer.py", line 350, in _score
    return self._sign * self._score_func(y_true, y_pred, **scoring_kwargs)
                        ^^^^^^^^^^^^^^^^^^^^^^^^^^^^^^^^^^^^^^^^^^^^^^^^^^
  File "C:\Users\IRSYAD NASHRULLAH\AppData\Local\Programs\Python\Python311\Lib\site-packages\pycaret\internal\metrics.py", line 144, in __call__
    return self.score_func(y_true, y_pred, **kwargs)
           ^^^^^^^^^^^^^^^^^^^^^^^^^^^^^^^^^^^^^^^^^
  File "C:\Users\IRSYAD NASHRULLAH\AppData\Local\Programs\Python\Python311\Lib\site-packages\sklearn\utils\_param_validation.py", line 213, in wrapper
    return func(*args, **kwargs)
           ^^^^^^^^^^^^^^^^^^^^^
  File "C:\Users\IRSYAD NASHRULLAH\AppData\Local\Programs\Python\Python311\Lib\site-packages\sklearn\metrics\_ranking.py", line 634, in roc_auc_score
    return _multiclass_roc_auc_score(
           ^^^^^^^^^^^^^^^^^^^^^^^^^^
  File "C:\Users\IRSYAD NASHRULLAH\AppData\Local\Programs\Python\Python311\Lib\site-packages\sklearn\metrics\_ranking.py", line 707, in _multiclass_roc_auc_score
    raise ValueError(
ValueError: Target scores need to be probabilities for multiclass roc_auc, i.e. they should sum up to 1.0 over classes

  warnings.warn(

2026-09-15 23:31:51,321:WARNING:C:\Users\IRSYAD NASHRULLAH\AppData\Local\Programs\Python\Python311\Lib\site-packages\pycaret\internal\metrics.py:204: FitFailedWarning: Metric 'make_scorer(roc_auc_score, response_method=('decision_function', 'predict_proba'), average=weighted, multi_class=ovr)' failed and error score 0.0 has been returned instead. If this is a custom metric, this usually means that the error is in the metric code. Full exception below:
Traceback (most recent call last):
  File "C:\Users\IRSYAD NASHRULLAH\AppData\Local\Programs\Python\Python311\Lib\site-packages\pycaret\internal\metrics.py", line 196, in _score
    return super()._score(
           ^^^^^^^^^^^^^^^
  File "C:\Users\IRSYAD NASHRULLAH\AppData\Local\Programs\Python\Python311\Lib\site-packages\sklearn\metrics\_scorer.py", line 350, in _score
    return self._sign * self._score_func(y_true, y_pred, **scoring_kwargs)
                        ^^^^^^^^^^^^^^^^^^^^^^^^^^^^^^^^^^^^^^^^^^^^^^^^^^
  File "C:\Users\IRSYAD NASHRULLAH\AppData\Local\Programs\Python\Python311\Lib\site-packages\pycaret\internal\metrics.py", line 144, in __call__
    return self.score_func(y_true, y_pred, **kwargs)
           ^^^^^^^^^^^^^^^^^^^^^^^^^^^^^^^^^^^^^^^^^
  File "C:\Users\IRSYAD NASHRULLAH\AppData\Local\Programs\Python\Python311\Lib\site-packages\sklearn\utils\_param_validation.py", line 213, in wrapper
    return func(*args, **kwargs)
           ^^^^^^^^^^^^^^^^^^^^^
  File "C:\Users\IRSYAD NASHRULLAH\AppData\Local\Programs\Python\Python311\Lib\site-packages\sklearn\metrics\_ranking.py", line 634, in roc_auc_score
    return _multiclass_roc_auc_score(
           ^^^^^^^^^^^^^^^^^^^^^^^^^^
  File "C:\Users\IRSYAD NASHRULLAH\AppData\Local\Programs\Python\Python311\Lib\site-packages\sklearn\metrics\_ranking.py", line 707, in _multiclass_roc_auc_score
    raise ValueError(
ValueError: Target scores need to be probabilities for multiclass roc_auc, i.e. they should sum up to 1.0 over classes

  warnings.warn(

2026-09-15 23:31:51,338:INFO:Calculating mean and std
2026-09-15 23:31:51,339:INFO:Creating metrics dataframe
2026-09-15 23:31:51,340:INFO:Uploading results into container
2026-09-15 23:31:51,340:INFO:Uploading model into container now
2026-09-15 23:31:51,341:INFO:_master_model_container: 6
2026-09-15 23:31:51,341:INFO:_display_container: 2
2026-09-15 23:31:51,341:INFO:RidgeClassifier(alpha=1.0, class_weight=None, copy_X=True, fit_intercept=True,
                max_iter=None, positive=False, random_state=5090, solver='auto',
                tol=0.0001)
2026-09-15 23:31:51,341:INFO:create_model() successfully completed......................................
2026-09-15 23:31:51,428:INFO:SubProcess create_model() end ==================================
2026-09-15 23:31:51,441:INFO:Creating metrics dataframe
2026-09-15 23:31:51,445:INFO:Initializing Random Forest Classifier
2026-09-15 23:31:51,445:INFO:Total runtime is 0.12743287483851115 minutes
2026-09-15 23:31:51,445:INFO:SubProcess create_model() called ==================================
2026-09-15 23:31:51,445:INFO:Initializing create_model()
2026-09-15 23:31:51,445:INFO:create_model(self=<pycaret.classification.oop.ClassificationExperiment object at 0x000001DC60AD1D10>, estimator=rf, fold=StratifiedKFold(n_splits=10, random_state=None, shuffle=False), round=4, cross_validation=True, predict=True, fit_kwargs={}, groups=None, refit=False, probability_threshold=None, experiment_custom_tags=None, verbose=False, system=False, add_to_model_list=True, metrics=None, display=<pycaret.internal.display.display.CommonDisplay object at 0x000001DC65B1EF10>, model_only=True, return_train_score=False, error_score=0.0, kwargs={})
2026-09-15 23:31:51,445:INFO:Checking exceptions
2026-09-15 23:31:51,446:INFO:Importing libraries
2026-09-15 23:31:51,446:INFO:Copying training dataset
2026-09-15 23:31:51,451:INFO:Defining folds
2026-09-15 23:31:51,451:INFO:Declaring metric variables
2026-09-15 23:31:51,451:INFO:Importing untrained model
2026-09-15 23:31:51,451:INFO:Random Forest Classifier Imported successfully
2026-09-15 23:31:51,452:INFO:Starting cross validation
2026-09-15 23:31:51,452:INFO:Cross validating with StratifiedKFold(n_splits=10, random_state=None, shuffle=False), n_jobs=-1
2026-09-15 23:31:51,748:INFO:Calculating mean and std
2026-09-15 23:31:51,749:INFO:Creating metrics dataframe
2026-09-15 23:31:51,751:INFO:Uploading results into container
2026-09-15 23:31:51,752:INFO:Uploading model into container now
2026-09-15 23:31:51,752:INFO:_master_model_container: 7
2026-09-15 23:31:51,752:INFO:_display_container: 2
2026-09-15 23:31:51,753:INFO:RandomForestClassifier(bootstrap=True, ccp_alpha=0.0, class_weight=None,
                       criterion='gini', max_depth=None, max_features='sqrt',
                       max_leaf_nodes=None, max_samples=None,
                       min_impurity_decrease=0.0, min_samples_leaf=1,
                       min_samples_split=2, min_weight_fraction_leaf=0.0,
                       monotonic_cst=None, n_estimators=100, n_jobs=-1,
                       oob_score=False, random_state=5090, verbose=0,
                       warm_start=False)
2026-09-15 23:31:51,753:INFO:create_model() successfully completed......................................
2026-09-15 23:31:51,838:INFO:SubProcess create_model() end ==================================
2026-09-15 23:31:51,838:INFO:Creating metrics dataframe
2026-09-15 23:31:51,842:INFO:Initializing Quadratic Discriminant Analysis
2026-09-15 23:31:51,842:INFO:Total runtime is 0.13405313491821289 minutes
2026-09-15 23:31:51,842:INFO:SubProcess create_model() called ==================================
2026-09-15 23:31:51,842:INFO:Initializing create_model()
2026-09-15 23:31:51,842:INFO:create_model(self=<pycaret.classification.oop.ClassificationExperiment object at 0x000001DC60AD1D10>, estimator=qda, fold=StratifiedKFold(n_splits=10, random_state=None, shuffle=False), round=4, cross_validation=True, predict=True, fit_kwargs={}, groups=None, refit=False, probability_threshold=None, experiment_custom_tags=None, verbose=False, system=False, add_to_model_list=True, metrics=None, display=<pycaret.internal.display.display.CommonDisplay object at 0x000001DC65B1EF10>, model_only=True, return_train_score=False, error_score=0.0, kwargs={})
2026-09-15 23:31:51,842:INFO:Checking exceptions
2026-09-15 23:31:51,842:INFO:Importing libraries
2026-09-15 23:31:51,843:INFO:Copying training dataset
2026-09-15 23:31:51,846:INFO:Defining folds
2026-09-15 23:31:51,846:INFO:Declaring metric variables
2026-09-15 23:31:51,846:INFO:Importing untrained model
2026-09-15 23:31:51,848:INFO:Quadratic Discriminant Analysis Imported successfully
2026-09-15 23:31:51,848:INFO:Starting cross validation
2026-09-15 23:31:51,849:INFO:Cross validating with StratifiedKFold(n_splits=10, random_state=None, shuffle=False), n_jobs=-1
2026-09-15 23:31:51,974:WARNING:C:\Users\IRSYAD NASHRULLAH\AppData\Local\Programs\Python\Python311\Lib\site-packages\pycaret\internal\metrics.py:204: FitFailedWarning: Metric 'make_scorer(roc_auc_score, response_method=('decision_function', 'predict_proba'), average=weighted, multi_class=ovr)' failed and error score 0.0 has been returned instead. If this is a custom metric, this usually means that the error is in the metric code. Full exception below:
Traceback (most recent call last):
  File "C:\Users\IRSYAD NASHRULLAH\AppData\Local\Programs\Python\Python311\Lib\site-packages\pycaret\internal\metrics.py", line 196, in _score
    return super()._score(
           ^^^^^^^^^^^^^^^
  File "C:\Users\IRSYAD NASHRULLAH\AppData\Local\Programs\Python\Python311\Lib\site-packages\sklearn\metrics\_scorer.py", line 350, in _score
    return self._sign * self._score_func(y_true, y_pred, **scoring_kwargs)
                        ^^^^^^^^^^^^^^^^^^^^^^^^^^^^^^^^^^^^^^^^^^^^^^^^^^
  File "C:\Users\IRSYAD NASHRULLAH\AppData\Local\Programs\Python\Python311\Lib\site-packages\pycaret\internal\metrics.py", line 144, in __call__
    return self.score_func(y_true, y_pred, **kwargs)
           ^^^^^^^^^^^^^^^^^^^^^^^^^^^^^^^^^^^^^^^^^
  File "C:\Users\IRSYAD NASHRULLAH\AppData\Local\Programs\Python\Python311\Lib\site-packages\sklearn\utils\_param_validation.py", line 213, in wrapper
    return func(*args, **kwargs)
           ^^^^^^^^^^^^^^^^^^^^^
  File "C:\Users\IRSYAD NASHRULLAH\AppData\Local\Programs\Python\Python311\Lib\site-packages\sklearn\metrics\_ranking.py", line 634, in roc_auc_score
    return _multiclass_roc_auc_score(
           ^^^^^^^^^^^^^^^^^^^^^^^^^^
  File "C:\Users\IRSYAD NASHRULLAH\AppData\Local\Programs\Python\Python311\Lib\site-packages\sklearn\metrics\_ranking.py", line 707, in _multiclass_roc_auc_score
    raise ValueError(
ValueError: Target scores need to be probabilities for multiclass roc_auc, i.e. they should sum up to 1.0 over classes

  warnings.warn(

2026-09-15 23:31:51,976:WARNING:C:\Users\IRSYAD NASHRULLAH\AppData\Local\Programs\Python\Python311\Lib\site-packages\pycaret\internal\metrics.py:204: FitFailedWarning: Metric 'make_scorer(roc_auc_score, response_method=('decision_function', 'predict_proba'), average=weighted, multi_class=ovr)' failed and error score 0.0 has been returned instead. If this is a custom metric, this usually means that the error is in the metric code. Full exception below:
Traceback (most recent call last):
  File "C:\Users\IRSYAD NASHRULLAH\AppData\Local\Programs\Python\Python311\Lib\site-packages\pycaret\internal\metrics.py", line 196, in _score
    return super()._score(
           ^^^^^^^^^^^^^^^
  File "C:\Users\IRSYAD NASHRULLAH\AppData\Local\Programs\Python\Python311\Lib\site-packages\sklearn\metrics\_scorer.py", line 350, in _score
    return self._sign * self._score_func(y_true, y_pred, **scoring_kwargs)
                        ^^^^^^^^^^^^^^^^^^^^^^^^^^^^^^^^^^^^^^^^^^^^^^^^^^
  File "C:\Users\IRSYAD NASHRULLAH\AppData\Local\Programs\Python\Python311\Lib\site-packages\pycaret\internal\metrics.py", line 144, in __call__
    return self.score_func(y_true, y_pred, **kwargs)
           ^^^^^^^^^^^^^^^^^^^^^^^^^^^^^^^^^^^^^^^^^
  File "C:\Users\IRSYAD NASHRULLAH\AppData\Local\Programs\Python\Python311\Lib\site-packages\sklearn\utils\_param_validation.py", line 213, in wrapper
    return func(*args, **kwargs)
           ^^^^^^^^^^^^^^^^^^^^^
  File "C:\Users\IRSYAD NASHRULLAH\AppData\Local\Programs\Python\Python311\Lib\site-packages\sklearn\metrics\_ranking.py", line 634, in roc_auc_score
    return _multiclass_roc_auc_score(
           ^^^^^^^^^^^^^^^^^^^^^^^^^^
  File "C:\Users\IRSYAD NASHRULLAH\AppData\Local\Programs\Python\Python311\Lib\site-packages\sklearn\metrics\_ranking.py", line 707, in _multiclass_roc_auc_score
    raise ValueError(
ValueError: Target scores need to be probabilities for multiclass roc_auc, i.e. they should sum up to 1.0 over classes

  warnings.warn(

2026-09-15 23:31:51,976:WARNING:C:\Users\IRSYAD NASHRULLAH\AppData\Local\Programs\Python\Python311\Lib\site-packages\pycaret\internal\metrics.py:204: FitFailedWarning: Metric 'make_scorer(roc_auc_score, response_method=('decision_function', 'predict_proba'), average=weighted, multi_class=ovr)' failed and error score 0.0 has been returned instead. If this is a custom metric, this usually means that the error is in the metric code. Full exception below:
Traceback (most recent call last):
  File "C:\Users\IRSYAD NASHRULLAH\AppData\Local\Programs\Python\Python311\Lib\site-packages\pycaret\internal\metrics.py", line 196, in _score
    return super()._score(
           ^^^^^^^^^^^^^^^
  File "C:\Users\IRSYAD NASHRULLAH\AppData\Local\Programs\Python\Python311\Lib\site-packages\sklearn\metrics\_scorer.py", line 350, in _score
    return self._sign * self._score_func(y_true, y_pred, **scoring_kwargs)
                        ^^^^^^^^^^^^^^^^^^^^^^^^^^^^^^^^^^^^^^^^^^^^^^^^^^
  File "C:\Users\IRSYAD NASHRULLAH\AppData\Local\Programs\Python\Python311\Lib\site-packages\pycaret\internal\metrics.py", line 144, in __call__
    return self.score_func(y_true, y_pred, **kwargs)
           ^^^^^^^^^^^^^^^^^^^^^^^^^^^^^^^^^^^^^^^^^
  File "C:\Users\IRSYAD NASHRULLAH\AppData\Local\Programs\Python\Python311\Lib\site-packages\sklearn\utils\_param_validation.py", line 213, in wrapper
    return func(*args, **kwargs)
           ^^^^^^^^^^^^^^^^^^^^^
  File "C:\Users\IRSYAD NASHRULLAH\AppData\Local\Programs\Python\Python311\Lib\site-packages\sklearn\metrics\_ranking.py", line 634, in roc_auc_score
    return _multiclass_roc_auc_score(
           ^^^^^^^^^^^^^^^^^^^^^^^^^^
  File "C:\Users\IRSYAD NASHRULLAH\AppData\Local\Programs\Python\Python311\Lib\site-packages\sklearn\metrics\_ranking.py", line 707, in _multiclass_roc_auc_score
    raise ValueError(
ValueError: Target scores need to be probabilities for multiclass roc_auc, i.e. they should sum up to 1.0 over classes

  warnings.warn(

2026-09-15 23:31:51,979:WARNING:C:\Users\IRSYAD NASHRULLAH\AppData\Local\Programs\Python\Python311\Lib\site-packages\pycaret\internal\metrics.py:204: FitFailedWarning: Metric 'make_scorer(roc_auc_score, response_method=('decision_function', 'predict_proba'), average=weighted, multi_class=ovr)' failed and error score 0.0 has been returned instead. If this is a custom metric, this usually means that the error is in the metric code. Full exception below:
Traceback (most recent call last):
  File "C:\Users\IRSYAD NASHRULLAH\AppData\Local\Programs\Python\Python311\Lib\site-packages\pycaret\internal\metrics.py", line 196, in _score
    return super()._score(
           ^^^^^^^^^^^^^^^
  File "C:\Users\IRSYAD NASHRULLAH\AppData\Local\Programs\Python\Python311\Lib\site-packages\sklearn\metrics\_scorer.py", line 350, in _score
    return self._sign * self._score_func(y_true, y_pred, **scoring_kwargs)
                        ^^^^^^^^^^^^^^^^^^^^^^^^^^^^^^^^^^^^^^^^^^^^^^^^^^
  File "C:\Users\IRSYAD NASHRULLAH\AppData\Local\Programs\Python\Python311\Lib\site-packages\pycaret\internal\metrics.py", line 144, in __call__
    return self.score_func(y_true, y_pred, **kwargs)
           ^^^^^^^^^^^^^^^^^^^^^^^^^^^^^^^^^^^^^^^^^
  File "C:\Users\IRSYAD NASHRULLAH\AppData\Local\Programs\Python\Python311\Lib\site-packages\sklearn\utils\_param_validation.py", line 213, in wrapper
    return func(*args, **kwargs)
           ^^^^^^^^^^^^^^^^^^^^^
  File "C:\Users\IRSYAD NASHRULLAH\AppData\Local\Programs\Python\Python311\Lib\site-packages\sklearn\metrics\_ranking.py", line 634, in roc_auc_score
    return _multiclass_roc_auc_score(
           ^^^^^^^^^^^^^^^^^^^^^^^^^^
  File "C:\Users\IRSYAD NASHRULLAH\AppData\Local\Programs\Python\Python311\Lib\site-packages\sklearn\metrics\_ranking.py", line 707, in _multiclass_roc_auc_score
    raise ValueError(
ValueError: Target scores need to be probabilities for multiclass roc_auc, i.e. they should sum up to 1.0 over classes

  warnings.warn(

2026-09-15 23:31:51,980:WARNING:C:\Users\IRSYAD NASHRULLAH\AppData\Local\Programs\Python\Python311\Lib\site-packages\pycaret\internal\metrics.py:204: FitFailedWarning: Metric 'make_scorer(roc_auc_score, response_method=('decision_function', 'predict_proba'), average=weighted, multi_class=ovr)' failed and error score 0.0 has been returned instead. If this is a custom metric, this usually means that the error is in the metric code. Full exception below:
Traceback (most recent call last):
  File "C:\Users\IRSYAD NASHRULLAH\AppData\Local\Programs\Python\Python311\Lib\site-packages\pycaret\internal\metrics.py", line 196, in _score
    return super()._score(
           ^^^^^^^^^^^^^^^
  File "C:\Users\IRSYAD NASHRULLAH\AppData\Local\Programs\Python\Python311\Lib\site-packages\sklearn\metrics\_scorer.py", line 350, in _score
    return self._sign * self._score_func(y_true, y_pred, **scoring_kwargs)
                        ^^^^^^^^^^^^^^^^^^^^^^^^^^^^^^^^^^^^^^^^^^^^^^^^^^
  File "C:\Users\IRSYAD NASHRULLAH\AppData\Local\Programs\Python\Python311\Lib\site-packages\pycaret\internal\metrics.py", line 144, in __call__
    return self.score_func(y_true, y_pred, **kwargs)
           ^^^^^^^^^^^^^^^^^^^^^^^^^^^^^^^^^^^^^^^^^
  File "C:\Users\IRSYAD NASHRULLAH\AppData\Local\Programs\Python\Python311\Lib\site-packages\sklearn\utils\_param_validation.py", line 213, in wrapper
    return func(*args, **kwargs)
           ^^^^^^^^^^^^^^^^^^^^^
  File "C:\Users\IRSYAD NASHRULLAH\AppData\Local\Programs\Python\Python311\Lib\site-packages\sklearn\metrics\_ranking.py", line 634, in roc_auc_score
    return _multiclass_roc_auc_score(
           ^^^^^^^^^^^^^^^^^^^^^^^^^^
  File "C:\Users\IRSYAD NASHRULLAH\AppData\Local\Programs\Python\Python311\Lib\site-packages\sklearn\metrics\_ranking.py", line 707, in _multiclass_roc_auc_score
    raise ValueError(
ValueError: Target scores need to be probabilities for multiclass roc_auc, i.e. they should sum up to 1.0 over classes

  warnings.warn(

2026-09-15 23:31:51,981:WARNING:C:\Users\IRSYAD NASHRULLAH\AppData\Local\Programs\Python\Python311\Lib\site-packages\pycaret\internal\metrics.py:204: FitFailedWarning: Metric 'make_scorer(roc_auc_score, response_method=('decision_function', 'predict_proba'), average=weighted, multi_class=ovr)' failed and error score 0.0 has been returned instead. If this is a custom metric, this usually means that the error is in the metric code. Full exception below:
Traceback (most recent call last):
  File "C:\Users\IRSYAD NASHRULLAH\AppData\Local\Programs\Python\Python311\Lib\site-packages\pycaret\internal\metrics.py", line 196, in _score
    return super()._score(
           ^^^^^^^^^^^^^^^
  File "C:\Users\IRSYAD NASHRULLAH\AppData\Local\Programs\Python\Python311\Lib\site-packages\sklearn\metrics\_scorer.py", line 350, in _score
    return self._sign * self._score_func(y_true, y_pred, **scoring_kwargs)
                        ^^^^^^^^^^^^^^^^^^^^^^^^^^^^^^^^^^^^^^^^^^^^^^^^^^
  File "C:\Users\IRSYAD NASHRULLAH\AppData\Local\Programs\Python\Python311\Lib\site-packages\pycaret\internal\metrics.py", line 144, in __call__
    return self.score_func(y_true, y_pred, **kwargs)
           ^^^^^^^^^^^^^^^^^^^^^^^^^^^^^^^^^^^^^^^^^
  File "C:\Users\IRSYAD NASHRULLAH\AppData\Local\Programs\Python\Python311\Lib\site-packages\sklearn\utils\_param_validation.py", line 213, in wrapper
    return func(*args, **kwargs)
           ^^^^^^^^^^^^^^^^^^^^^
  File "C:\Users\IRSYAD NASHRULLAH\AppData\Local\Programs\Python\Python311\Lib\site-packages\sklearn\metrics\_ranking.py", line 634, in roc_auc_score
    return _multiclass_roc_auc_score(
           ^^^^^^^^^^^^^^^^^^^^^^^^^^
  File "C:\Users\IRSYAD NASHRULLAH\AppData\Local\Programs\Python\Python311\Lib\site-packages\sklearn\metrics\_ranking.py", line 707, in _multiclass_roc_auc_score
    raise ValueError(
ValueError: Target scores need to be probabilities for multiclass roc_auc, i.e. they should sum up to 1.0 over classes

  warnings.warn(

2026-09-15 23:31:51,985:WARNING:C:\Users\IRSYAD NASHRULLAH\AppData\Local\Programs\Python\Python311\Lib\site-packages\pycaret\internal\metrics.py:204: FitFailedWarning: Metric 'make_scorer(roc_auc_score, response_method=('decision_function', 'predict_proba'), average=weighted, multi_class=ovr)' failed and error score 0.0 has been returned instead. If this is a custom metric, this usually means that the error is in the metric code. Full exception below:
Traceback (most recent call last):
  File "C:\Users\IRSYAD NASHRULLAH\AppData\Local\Programs\Python\Python311\Lib\site-packages\pycaret\internal\metrics.py", line 196, in _score
    return super()._score(
           ^^^^^^^^^^^^^^^
  File "C:\Users\IRSYAD NASHRULLAH\AppData\Local\Programs\Python\Python311\Lib\site-packages\sklearn\metrics\_scorer.py", line 350, in _score
    return self._sign * self._score_func(y_true, y_pred, **scoring_kwargs)
                        ^^^^^^^^^^^^^^^^^^^^^^^^^^^^^^^^^^^^^^^^^^^^^^^^^^
  File "C:\Users\IRSYAD NASHRULLAH\AppData\Local\Programs\Python\Python311\Lib\site-packages\pycaret\internal\metrics.py", line 144, in __call__
    return self.score_func(y_true, y_pred, **kwargs)
           ^^^^^^^^^^^^^^^^^^^^^^^^^^^^^^^^^^^^^^^^^
  File "C:\Users\IRSYAD NASHRULLAH\AppData\Local\Programs\Python\Python311\Lib\site-packages\sklearn\utils\_param_validation.py", line 213, in wrapper
    return func(*args, **kwargs)
           ^^^^^^^^^^^^^^^^^^^^^
  File "C:\Users\IRSYAD NASHRULLAH\AppData\Local\Programs\Python\Python311\Lib\site-packages\sklearn\metrics\_ranking.py", line 634, in roc_auc_score
    return _multiclass_roc_auc_score(
           ^^^^^^^^^^^^^^^^^^^^^^^^^^
  File "C:\Users\IRSYAD NASHRULLAH\AppData\Local\Programs\Python\Python311\Lib\site-packages\sklearn\metrics\_ranking.py", line 707, in _multiclass_roc_auc_score
    raise ValueError(
ValueError: Target scores need to be probabilities for multiclass roc_auc, i.e. they should sum up to 1.0 over classes

  warnings.warn(

2026-09-15 23:31:51,985:WARNING:C:\Users\IRSYAD NASHRULLAH\AppData\Local\Programs\Python\Python311\Lib\site-packages\pycaret\internal\metrics.py:204: FitFailedWarning: Metric 'make_scorer(roc_auc_score, response_method=('decision_function', 'predict_proba'), average=weighted, multi_class=ovr)' failed and error score 0.0 has been returned instead. If this is a custom metric, this usually means that the error is in the metric code. Full exception below:
Traceback (most recent call last):
  File "C:\Users\IRSYAD NASHRULLAH\AppData\Local\Programs\Python\Python311\Lib\site-packages\pycaret\internal\metrics.py", line 196, in _score
    return super()._score(
           ^^^^^^^^^^^^^^^
  File "C:\Users\IRSYAD NASHRULLAH\AppData\Local\Programs\Python\Python311\Lib\site-packages\sklearn\metrics\_scorer.py", line 350, in _score
    return self._sign * self._score_func(y_true, y_pred, **scoring_kwargs)
                        ^^^^^^^^^^^^^^^^^^^^^^^^^^^^^^^^^^^^^^^^^^^^^^^^^^
  File "C:\Users\IRSYAD NASHRULLAH\AppData\Local\Programs\Python\Python311\Lib\site-packages\pycaret\internal\metrics.py", line 144, in __call__
    return self.score_func(y_true, y_pred, **kwargs)
           ^^^^^^^^^^^^^^^^^^^^^^^^^^^^^^^^^^^^^^^^^
  File "C:\Users\IRSYAD NASHRULLAH\AppData\Local\Programs\Python\Python311\Lib\site-packages\sklearn\utils\_param_validation.py", line 213, in wrapper
    return func(*args, **kwargs)
           ^^^^^^^^^^^^^^^^^^^^^
  File "C:\Users\IRSYAD NASHRULLAH\AppData\Local\Programs\Python\Python311\Lib\site-packages\sklearn\metrics\_ranking.py", line 634, in roc_auc_score
    return _multiclass_roc_auc_score(
           ^^^^^^^^^^^^^^^^^^^^^^^^^^
  File "C:\Users\IRSYAD NASHRULLAH\AppData\Local\Programs\Python\Python311\Lib\site-packages\sklearn\metrics\_ranking.py", line 707, in _multiclass_roc_auc_score
    raise ValueError(
ValueError: Target scores need to be probabilities for multiclass roc_auc, i.e. they should sum up to 1.0 over classes

  warnings.warn(

2026-09-15 23:31:51,985:WARNING:C:\Users\IRSYAD NASHRULLAH\AppData\Local\Programs\Python\Python311\Lib\site-packages\pycaret\internal\metrics.py:204: FitFailedWarning: Metric 'make_scorer(roc_auc_score, response_method=('decision_function', 'predict_proba'), average=weighted, multi_class=ovr)' failed and error score 0.0 has been returned instead. If this is a custom metric, this usually means that the error is in the metric code. Full exception below:
Traceback (most recent call last):
  File "C:\Users\IRSYAD NASHRULLAH\AppData\Local\Programs\Python\Python311\Lib\site-packages\pycaret\internal\metrics.py", line 196, in _score
    return super()._score(
           ^^^^^^^^^^^^^^^
  File "C:\Users\IRSYAD NASHRULLAH\AppData\Local\Programs\Python\Python311\Lib\site-packages\sklearn\metrics\_scorer.py", line 350, in _score
    return self._sign * self._score_func(y_true, y_pred, **scoring_kwargs)
                        ^^^^^^^^^^^^^^^^^^^^^^^^^^^^^^^^^^^^^^^^^^^^^^^^^^
  File "C:\Users\IRSYAD NASHRULLAH\AppData\Local\Programs\Python\Python311\Lib\site-packages\pycaret\internal\metrics.py", line 144, in __call__
    return self.score_func(y_true, y_pred, **kwargs)
           ^^^^^^^^^^^^^^^^^^^^^^^^^^^^^^^^^^^^^^^^^
  File "C:\Users\IRSYAD NASHRULLAH\AppData\Local\Programs\Python\Python311\Lib\site-packages\sklearn\utils\_param_validation.py", line 213, in wrapper
    return func(*args, **kwargs)
           ^^^^^^^^^^^^^^^^^^^^^
  File "C:\Users\IRSYAD NASHRULLAH\AppData\Local\Programs\Python\Python311\Lib\site-packages\sklearn\metrics\_ranking.py", line 634, in roc_auc_score
    return _multiclass_roc_auc_score(
           ^^^^^^^^^^^^^^^^^^^^^^^^^^
  File "C:\Users\IRSYAD NASHRULLAH\AppData\Local\Programs\Python\Python311\Lib\site-packages\sklearn\metrics\_ranking.py", line 707, in _multiclass_roc_auc_score
    raise ValueError(
ValueError: Target scores need to be probabilities for multiclass roc_auc, i.e. they should sum up to 1.0 over classes

  warnings.warn(

2026-09-15 23:31:51,986:WARNING:C:\Users\IRSYAD NASHRULLAH\AppData\Local\Programs\Python\Python311\Lib\site-packages\pycaret\internal\metrics.py:204: FitFailedWarning: Metric 'make_scorer(roc_auc_score, response_method=('decision_function', 'predict_proba'), average=weighted, multi_class=ovr)' failed and error score 0.0 has been returned instead. If this is a custom metric, this usually means that the error is in the metric code. Full exception below:
Traceback (most recent call last):
  File "C:\Users\IRSYAD NASHRULLAH\AppData\Local\Programs\Python\Python311\Lib\site-packages\pycaret\internal\metrics.py", line 196, in _score
    return super()._score(
           ^^^^^^^^^^^^^^^
  File "C:\Users\IRSYAD NASHRULLAH\AppData\Local\Programs\Python\Python311\Lib\site-packages\sklearn\metrics\_scorer.py", line 350, in _score
    return self._sign * self._score_func(y_true, y_pred, **scoring_kwargs)
                        ^^^^^^^^^^^^^^^^^^^^^^^^^^^^^^^^^^^^^^^^^^^^^^^^^^
  File "C:\Users\IRSYAD NASHRULLAH\AppData\Local\Programs\Python\Python311\Lib\site-packages\pycaret\internal\metrics.py", line 144, in __call__
    return self.score_func(y_true, y_pred, **kwargs)
           ^^^^^^^^^^^^^^^^^^^^^^^^^^^^^^^^^^^^^^^^^
  File "C:\Users\IRSYAD NASHRULLAH\AppData\Local\Programs\Python\Python311\Lib\site-packages\sklearn\utils\_param_validation.py", line 213, in wrapper
    return func(*args, **kwargs)
           ^^^^^^^^^^^^^^^^^^^^^
  File "C:\Users\IRSYAD NASHRULLAH\AppData\Local\Programs\Python\Python311\Lib\site-packages\sklearn\metrics\_ranking.py", line 634, in roc_auc_score
    return _multiclass_roc_auc_score(
           ^^^^^^^^^^^^^^^^^^^^^^^^^^
  File "C:\Users\IRSYAD NASHRULLAH\AppData\Local\Programs\Python\Python311\Lib\site-packages\sklearn\metrics\_ranking.py", line 707, in _multiclass_roc_auc_score
    raise ValueError(
ValueError: Target scores need to be probabilities for multiclass roc_auc, i.e. they should sum up to 1.0 over classes

  warnings.warn(

2026-09-15 23:31:52,006:INFO:Calculating mean and std
2026-09-15 23:31:52,007:INFO:Creating metrics dataframe
2026-09-15 23:31:52,009:INFO:Uploading results into container
2026-09-15 23:31:52,009:INFO:Uploading model into container now
2026-09-15 23:31:52,010:INFO:_master_model_container: 8
2026-09-15 23:31:52,010:INFO:_display_container: 2
2026-09-15 23:31:52,010:INFO:QuadraticDiscriminantAnalysis(priors=None, reg_param=0.0,
                              store_covariance=False, tol=0.0001)
2026-09-15 23:31:52,010:INFO:create_model() successfully completed......................................
2026-09-15 23:31:52,106:INFO:SubProcess create_model() end ==================================
2026-09-15 23:31:52,106:INFO:Creating metrics dataframe
2026-09-15 23:31:52,110:INFO:Initializing Ada Boost Classifier
2026-09-15 23:31:52,110:INFO:Total runtime is 0.13852099577585855 minutes
2026-09-15 23:31:52,110:INFO:SubProcess create_model() called ==================================
2026-09-15 23:31:52,112:INFO:Initializing create_model()
2026-09-15 23:31:52,112:INFO:create_model(self=<pycaret.classification.oop.ClassificationExperiment object at 0x000001DC60AD1D10>, estimator=ada, fold=StratifiedKFold(n_splits=10, random_state=None, shuffle=False), round=4, cross_validation=True, predict=True, fit_kwargs={}, groups=None, refit=False, probability_threshold=None, experiment_custom_tags=None, verbose=False, system=False, add_to_model_list=True, metrics=None, display=<pycaret.internal.display.display.CommonDisplay object at 0x000001DC65B1EF10>, model_only=True, return_train_score=False, error_score=0.0, kwargs={})
2026-09-15 23:31:52,112:INFO:Checking exceptions
2026-09-15 23:31:52,112:INFO:Importing libraries
2026-09-15 23:31:52,112:INFO:Copying training dataset
2026-09-15 23:31:52,115:INFO:Defining folds
2026-09-15 23:31:52,116:INFO:Declaring metric variables
2026-09-15 23:31:52,116:INFO:Importing untrained model
2026-09-15 23:31:52,116:INFO:Ada Boost Classifier Imported successfully
2026-09-15 23:31:52,116:INFO:Starting cross validation
2026-09-15 23:31:52,117:INFO:Cross validating with StratifiedKFold(n_splits=10, random_state=None, shuffle=False), n_jobs=-1
2026-09-15 23:31:52,149:WARNING:C:\Users\IRSYAD NASHRULLAH\AppData\Local\Programs\Python\Python311\Lib\site-packages\sklearn\ensemble\_weight_boosting.py:519: FutureWarning: The SAMME.R algorithm (the default) is deprecated and will be removed in 1.6. Use the SAMME algorithm to circumvent this warning.
  warnings.warn(

2026-09-15 23:31:52,149:WARNING:C:\Users\IRSYAD NASHRULLAH\AppData\Local\Programs\Python\Python311\Lib\site-packages\sklearn\ensemble\_weight_boosting.py:519: FutureWarning: The SAMME.R algorithm (the default) is deprecated and will be removed in 1.6. Use the SAMME algorithm to circumvent this warning.
  warnings.warn(

2026-09-15 23:31:52,149:WARNING:C:\Users\IRSYAD NASHRULLAH\AppData\Local\Programs\Python\Python311\Lib\site-packages\sklearn\ensemble\_weight_boosting.py:519: FutureWarning: The SAMME.R algorithm (the default) is deprecated and will be removed in 1.6. Use the SAMME algorithm to circumvent this warning.
  warnings.warn(

2026-09-15 23:31:52,149:WARNING:C:\Users\IRSYAD NASHRULLAH\AppData\Local\Programs\Python\Python311\Lib\site-packages\sklearn\ensemble\_weight_boosting.py:519: FutureWarning: The SAMME.R algorithm (the default) is deprecated and will be removed in 1.6. Use the SAMME algorithm to circumvent this warning.
  warnings.warn(

2026-09-15 23:31:52,149:WARNING:C:\Users\IRSYAD NASHRULLAH\AppData\Local\Programs\Python\Python311\Lib\site-packages\sklearn\ensemble\_weight_boosting.py:519: FutureWarning: The SAMME.R algorithm (the default) is deprecated and will be removed in 1.6. Use the SAMME algorithm to circumvent this warning.
  warnings.warn(

2026-09-15 23:31:52,152:WARNING:C:\Users\IRSYAD NASHRULLAH\AppData\Local\Programs\Python\Python311\Lib\site-packages\sklearn\ensemble\_weight_boosting.py:519: FutureWarning: The SAMME.R algorithm (the default) is deprecated and will be removed in 1.6. Use the SAMME algorithm to circumvent this warning.
  warnings.warn(

2026-09-15 23:31:52,153:WARNING:C:\Users\IRSYAD NASHRULLAH\AppData\Local\Programs\Python\Python311\Lib\site-packages\sklearn\ensemble\_weight_boosting.py:519: FutureWarning: The SAMME.R algorithm (the default) is deprecated and will be removed in 1.6. Use the SAMME algorithm to circumvent this warning.
  warnings.warn(

2026-09-15 23:31:52,155:WARNING:C:\Users\IRSYAD NASHRULLAH\AppData\Local\Programs\Python\Python311\Lib\site-packages\sklearn\ensemble\_weight_boosting.py:519: FutureWarning: The SAMME.R algorithm (the default) is deprecated and will be removed in 1.6. Use the SAMME algorithm to circumvent this warning.
  warnings.warn(

2026-09-15 23:31:52,157:WARNING:C:\Users\IRSYAD NASHRULLAH\AppData\Local\Programs\Python\Python311\Lib\site-packages\sklearn\ensemble\_weight_boosting.py:519: FutureWarning: The SAMME.R algorithm (the default) is deprecated and will be removed in 1.6. Use the SAMME algorithm to circumvent this warning.
  warnings.warn(

2026-09-15 23:31:52,159:WARNING:C:\Users\IRSYAD NASHRULLAH\AppData\Local\Programs\Python\Python311\Lib\site-packages\sklearn\ensemble\_weight_boosting.py:519: FutureWarning: The SAMME.R algorithm (the default) is deprecated and will be removed in 1.6. Use the SAMME algorithm to circumvent this warning.
  warnings.warn(

2026-09-15 23:31:52,283:WARNING:C:\Users\IRSYAD NASHRULLAH\AppData\Local\Programs\Python\Python311\Lib\site-packages\pycaret\internal\metrics.py:204: FitFailedWarning: Metric 'make_scorer(roc_auc_score, response_method=('decision_function', 'predict_proba'), average=weighted, multi_class=ovr)' failed and error score 0.0 has been returned instead. If this is a custom metric, this usually means that the error is in the metric code. Full exception below:
Traceback (most recent call last):
  File "C:\Users\IRSYAD NASHRULLAH\AppData\Local\Programs\Python\Python311\Lib\site-packages\pycaret\internal\metrics.py", line 196, in _score
    return super()._score(
           ^^^^^^^^^^^^^^^
  File "C:\Users\IRSYAD NASHRULLAH\AppData\Local\Programs\Python\Python311\Lib\site-packages\sklearn\metrics\_scorer.py", line 350, in _score
    return self._sign * self._score_func(y_true, y_pred, **scoring_kwargs)
                        ^^^^^^^^^^^^^^^^^^^^^^^^^^^^^^^^^^^^^^^^^^^^^^^^^^
  File "C:\Users\IRSYAD NASHRULLAH\AppData\Local\Programs\Python\Python311\Lib\site-packages\pycaret\internal\metrics.py", line 144, in __call__
    return self.score_func(y_true, y_pred, **kwargs)
           ^^^^^^^^^^^^^^^^^^^^^^^^^^^^^^^^^^^^^^^^^
  File "C:\Users\IRSYAD NASHRULLAH\AppData\Local\Programs\Python\Python311\Lib\site-packages\sklearn\utils\_param_validation.py", line 213, in wrapper
    return func(*args, **kwargs)
           ^^^^^^^^^^^^^^^^^^^^^
  File "C:\Users\IRSYAD NASHRULLAH\AppData\Local\Programs\Python\Python311\Lib\site-packages\sklearn\metrics\_ranking.py", line 634, in roc_auc_score
    return _multiclass_roc_auc_score(
           ^^^^^^^^^^^^^^^^^^^^^^^^^^
  File "C:\Users\IRSYAD NASHRULLAH\AppData\Local\Programs\Python\Python311\Lib\site-packages\sklearn\metrics\_ranking.py", line 707, in _multiclass_roc_auc_score
    raise ValueError(
ValueError: Target scores need to be probabilities for multiclass roc_auc, i.e. they should sum up to 1.0 over classes

  warnings.warn(

2026-09-15 23:31:52,283:WARNING:C:\Users\IRSYAD NASHRULLAH\AppData\Local\Programs\Python\Python311\Lib\site-packages\pycaret\internal\metrics.py:204: FitFailedWarning: Metric 'make_scorer(roc_auc_score, response_method=('decision_function', 'predict_proba'), average=weighted, multi_class=ovr)' failed and error score 0.0 has been returned instead. If this is a custom metric, this usually means that the error is in the metric code. Full exception below:
Traceback (most recent call last):
  File "C:\Users\IRSYAD NASHRULLAH\AppData\Local\Programs\Python\Python311\Lib\site-packages\pycaret\internal\metrics.py", line 196, in _score
    return super()._score(
           ^^^^^^^^^^^^^^^
  File "C:\Users\IRSYAD NASHRULLAH\AppData\Local\Programs\Python\Python311\Lib\site-packages\sklearn\metrics\_scorer.py", line 350, in _score
    return self._sign * self._score_func(y_true, y_pred, **scoring_kwargs)
                        ^^^^^^^^^^^^^^^^^^^^^^^^^^^^^^^^^^^^^^^^^^^^^^^^^^
  File "C:\Users\IRSYAD NASHRULLAH\AppData\Local\Programs\Python\Python311\Lib\site-packages\pycaret\internal\metrics.py", line 144, in __call__
    return self.score_func(y_true, y_pred, **kwargs)
           ^^^^^^^^^^^^^^^^^^^^^^^^^^^^^^^^^^^^^^^^^
  File "C:\Users\IRSYAD NASHRULLAH\AppData\Local\Programs\Python\Python311\Lib\site-packages\sklearn\utils\_param_validation.py", line 213, in wrapper
    return func(*args, **kwargs)
           ^^^^^^^^^^^^^^^^^^^^^
  File "C:\Users\IRSYAD NASHRULLAH\AppData\Local\Programs\Python\Python311\Lib\site-packages\sklearn\metrics\_ranking.py", line 634, in roc_auc_score
    return _multiclass_roc_auc_score(
           ^^^^^^^^^^^^^^^^^^^^^^^^^^
  File "C:\Users\IRSYAD NASHRULLAH\AppData\Local\Programs\Python\Python311\Lib\site-packages\sklearn\metrics\_ranking.py", line 707, in _multiclass_roc_auc_score
    raise ValueError(
ValueError: Target scores need to be probabilities for multiclass roc_auc, i.e. they should sum up to 1.0 over classes

  warnings.warn(

2026-09-15 23:31:52,287:WARNING:C:\Users\IRSYAD NASHRULLAH\AppData\Local\Programs\Python\Python311\Lib\site-packages\pycaret\internal\metrics.py:204: FitFailedWarning: Metric 'make_scorer(roc_auc_score, response_method=('decision_function', 'predict_proba'), average=weighted, multi_class=ovr)' failed and error score 0.0 has been returned instead. If this is a custom metric, this usually means that the error is in the metric code. Full exception below:
Traceback (most recent call last):
  File "C:\Users\IRSYAD NASHRULLAH\AppData\Local\Programs\Python\Python311\Lib\site-packages\pycaret\internal\metrics.py", line 196, in _score
    return super()._score(
           ^^^^^^^^^^^^^^^
  File "C:\Users\IRSYAD NASHRULLAH\AppData\Local\Programs\Python\Python311\Lib\site-packages\sklearn\metrics\_scorer.py", line 350, in _score
    return self._sign * self._score_func(y_true, y_pred, **scoring_kwargs)
                        ^^^^^^^^^^^^^^^^^^^^^^^^^^^^^^^^^^^^^^^^^^^^^^^^^^
  File "C:\Users\IRSYAD NASHRULLAH\AppData\Local\Programs\Python\Python311\Lib\site-packages\pycaret\internal\metrics.py", line 144, in __call__
    return self.score_func(y_true, y_pred, **kwargs)
           ^^^^^^^^^^^^^^^^^^^^^^^^^^^^^^^^^^^^^^^^^
  File "C:\Users\IRSYAD NASHRULLAH\AppData\Local\Programs\Python\Python311\Lib\site-packages\sklearn\utils\_param_validation.py", line 213, in wrapper
    return func(*args, **kwargs)
           ^^^^^^^^^^^^^^^^^^^^^
  File "C:\Users\IRSYAD NASHRULLAH\AppData\Local\Programs\Python\Python311\Lib\site-packages\sklearn\metrics\_ranking.py", line 634, in roc_auc_score
    return _multiclass_roc_auc_score(
           ^^^^^^^^^^^^^^^^^^^^^^^^^^
  File "C:\Users\IRSYAD NASHRULLAH\AppData\Local\Programs\Python\Python311\Lib\site-packages\sklearn\metrics\_ranking.py", line 707, in _multiclass_roc_auc_score
    raise ValueError(
ValueError: Target scores need to be probabilities for multiclass roc_auc, i.e. they should sum up to 1.0 over classes

  warnings.warn(

2026-09-15 23:31:52,302:WARNING:C:\Users\IRSYAD NASHRULLAH\AppData\Local\Programs\Python\Python311\Lib\site-packages\pycaret\internal\metrics.py:204: FitFailedWarning: Metric 'make_scorer(roc_auc_score, response_method=('decision_function', 'predict_proba'), average=weighted, multi_class=ovr)' failed and error score 0.0 has been returned instead. If this is a custom metric, this usually means that the error is in the metric code. Full exception below:
Traceback (most recent call last):
  File "C:\Users\IRSYAD NASHRULLAH\AppData\Local\Programs\Python\Python311\Lib\site-packages\pycaret\internal\metrics.py", line 196, in _score
    return super()._score(
           ^^^^^^^^^^^^^^^
  File "C:\Users\IRSYAD NASHRULLAH\AppData\Local\Programs\Python\Python311\Lib\site-packages\sklearn\metrics\_scorer.py", line 350, in _score
    return self._sign * self._score_func(y_true, y_pred, **scoring_kwargs)
                        ^^^^^^^^^^^^^^^^^^^^^^^^^^^^^^^^^^^^^^^^^^^^^^^^^^
  File "C:\Users\IRSYAD NASHRULLAH\AppData\Local\Programs\Python\Python311\Lib\site-packages\pycaret\internal\metrics.py", line 144, in __call__
    return self.score_func(y_true, y_pred, **kwargs)
           ^^^^^^^^^^^^^^^^^^^^^^^^^^^^^^^^^^^^^^^^^
  File "C:\Users\IRSYAD NASHRULLAH\AppData\Local\Programs\Python\Python311\Lib\site-packages\sklearn\utils\_param_validation.py", line 213, in wrapper
    return func(*args, **kwargs)
           ^^^^^^^^^^^^^^^^^^^^^
  File "C:\Users\IRSYAD NASHRULLAH\AppData\Local\Programs\Python\Python311\Lib\site-packages\sklearn\metrics\_ranking.py", line 634, in roc_auc_score
    return _multiclass_roc_auc_score(
           ^^^^^^^^^^^^^^^^^^^^^^^^^^
  File "C:\Users\IRSYAD NASHRULLAH\AppData\Local\Programs\Python\Python311\Lib\site-packages\sklearn\metrics\_ranking.py", line 707, in _multiclass_roc_auc_score
    raise ValueError(
ValueError: Target scores need to be probabilities for multiclass roc_auc, i.e. they should sum up to 1.0 over classes

  warnings.warn(

2026-09-15 23:31:52,308:WARNING:C:\Users\IRSYAD NASHRULLAH\AppData\Local\Programs\Python\Python311\Lib\site-packages\pycaret\internal\metrics.py:204: FitFailedWarning: Metric 'make_scorer(roc_auc_score, response_method=('decision_function', 'predict_proba'), average=weighted, multi_class=ovr)' failed and error score 0.0 has been returned instead. If this is a custom metric, this usually means that the error is in the metric code. Full exception below:
Traceback (most recent call last):
  File "C:\Users\IRSYAD NASHRULLAH\AppData\Local\Programs\Python\Python311\Lib\site-packages\pycaret\internal\metrics.py", line 196, in _score
    return super()._score(
           ^^^^^^^^^^^^^^^
  File "C:\Users\IRSYAD NASHRULLAH\AppData\Local\Programs\Python\Python311\Lib\site-packages\sklearn\metrics\_scorer.py", line 350, in _score
    return self._sign * self._score_func(y_true, y_pred, **scoring_kwargs)
                        ^^^^^^^^^^^^^^^^^^^^^^^^^^^^^^^^^^^^^^^^^^^^^^^^^^
  File "C:\Users\IRSYAD NASHRULLAH\AppData\Local\Programs\Python\Python311\Lib\site-packages\pycaret\internal\metrics.py", line 144, in __call__
    return self.score_func(y_true, y_pred, **kwargs)
           ^^^^^^^^^^^^^^^^^^^^^^^^^^^^^^^^^^^^^^^^^
  File "C:\Users\IRSYAD NASHRULLAH\AppData\Local\Programs\Python\Python311\Lib\site-packages\sklearn\utils\_param_validation.py", line 213, in wrapper
    return func(*args, **kwargs)
           ^^^^^^^^^^^^^^^^^^^^^
  File "C:\Users\IRSYAD NASHRULLAH\AppData\Local\Programs\Python\Python311\Lib\site-packages\sklearn\metrics\_ranking.py", line 634, in roc_auc_score
    return _multiclass_roc_auc_score(
           ^^^^^^^^^^^^^^^^^^^^^^^^^^
  File "C:\Users\IRSYAD NASHRULLAH\AppData\Local\Programs\Python\Python311\Lib\site-packages\sklearn\metrics\_ranking.py", line 707, in _multiclass_roc_auc_score
    raise ValueError(
ValueError: Target scores need to be probabilities for multiclass roc_auc, i.e. they should sum up to 1.0 over classes

  warnings.warn(

2026-09-15 23:31:52,309:WARNING:C:\Users\IRSYAD NASHRULLAH\AppData\Local\Programs\Python\Python311\Lib\site-packages\pycaret\internal\metrics.py:204: FitFailedWarning: Metric 'make_scorer(roc_auc_score, response_method=('decision_function', 'predict_proba'), average=weighted, multi_class=ovr)' failed and error score 0.0 has been returned instead. If this is a custom metric, this usually means that the error is in the metric code. Full exception below:
Traceback (most recent call last):
  File "C:\Users\IRSYAD NASHRULLAH\AppData\Local\Programs\Python\Python311\Lib\site-packages\pycaret\internal\metrics.py", line 196, in _score
    return super()._score(
           ^^^^^^^^^^^^^^^
  File "C:\Users\IRSYAD NASHRULLAH\AppData\Local\Programs\Python\Python311\Lib\site-packages\sklearn\metrics\_scorer.py", line 350, in _score
    return self._sign * self._score_func(y_true, y_pred, **scoring_kwargs)
                        ^^^^^^^^^^^^^^^^^^^^^^^^^^^^^^^^^^^^^^^^^^^^^^^^^^
  File "C:\Users\IRSYAD NASHRULLAH\AppData\Local\Programs\Python\Python311\Lib\site-packages\pycaret\internal\metrics.py", line 144, in __call__
    return self.score_func(y_true, y_pred, **kwargs)
           ^^^^^^^^^^^^^^^^^^^^^^^^^^^^^^^^^^^^^^^^^
  File "C:\Users\IRSYAD NASHRULLAH\AppData\Local\Programs\Python\Python311\Lib\site-packages\sklearn\utils\_param_validation.py", line 213, in wrapper
    return func(*args, **kwargs)
           ^^^^^^^^^^^^^^^^^^^^^
  File "C:\Users\IRSYAD NASHRULLAH\AppData\Local\Programs\Python\Python311\Lib\site-packages\sklearn\metrics\_ranking.py", line 634, in roc_auc_score
    return _multiclass_roc_auc_score(
           ^^^^^^^^^^^^^^^^^^^^^^^^^^
  File "C:\Users\IRSYAD NASHRULLAH\AppData\Local\Programs\Python\Python311\Lib\site-packages\sklearn\metrics\_ranking.py", line 707, in _multiclass_roc_auc_score
    raise ValueError(
ValueError: Target scores need to be probabilities for multiclass roc_auc, i.e. they should sum up to 1.0 over classes

  warnings.warn(

2026-09-15 23:31:52,309:WARNING:C:\Users\IRSYAD NASHRULLAH\AppData\Local\Programs\Python\Python311\Lib\site-packages\pycaret\internal\metrics.py:204: FitFailedWarning: Metric 'make_scorer(roc_auc_score, response_method=('decision_function', 'predict_proba'), average=weighted, multi_class=ovr)' failed and error score 0.0 has been returned instead. If this is a custom metric, this usually means that the error is in the metric code. Full exception below:
Traceback (most recent call last):
  File "C:\Users\IRSYAD NASHRULLAH\AppData\Local\Programs\Python\Python311\Lib\site-packages\pycaret\internal\metrics.py", line 196, in _score
    return super()._score(
           ^^^^^^^^^^^^^^^
  File "C:\Users\IRSYAD NASHRULLAH\AppData\Local\Programs\Python\Python311\Lib\site-packages\sklearn\metrics\_scorer.py", line 350, in _score
    return self._sign * self._score_func(y_true, y_pred, **scoring_kwargs)
                        ^^^^^^^^^^^^^^^^^^^^^^^^^^^^^^^^^^^^^^^^^^^^^^^^^^
  File "C:\Users\IRSYAD NASHRULLAH\AppData\Local\Programs\Python\Python311\Lib\site-packages\pycaret\internal\metrics.py", line 144, in __call__
    return self.score_func(y_true, y_pred, **kwargs)
           ^^^^^^^^^^^^^^^^^^^^^^^^^^^^^^^^^^^^^^^^^
  File "C:\Users\IRSYAD NASHRULLAH\AppData\Local\Programs\Python\Python311\Lib\site-packages\sklearn\utils\_param_validation.py", line 213, in wrapper
    return func(*args, **kwargs)
           ^^^^^^^^^^^^^^^^^^^^^
  File "C:\Users\IRSYAD NASHRULLAH\AppData\Local\Programs\Python\Python311\Lib\site-packages\sklearn\metrics\_ranking.py", line 634, in roc_auc_score
    return _multiclass_roc_auc_score(
           ^^^^^^^^^^^^^^^^^^^^^^^^^^
  File "C:\Users\IRSYAD NASHRULLAH\AppData\Local\Programs\Python\Python311\Lib\site-packages\sklearn\metrics\_ranking.py", line 707, in _multiclass_roc_auc_score
    raise ValueError(
ValueError: Target scores need to be probabilities for multiclass roc_auc, i.e. they should sum up to 1.0 over classes

  warnings.warn(

2026-09-15 23:31:52,312:WARNING:C:\Users\IRSYAD NASHRULLAH\AppData\Local\Programs\Python\Python311\Lib\site-packages\pycaret\internal\metrics.py:204: FitFailedWarning: Metric 'make_scorer(roc_auc_score, response_method=('decision_function', 'predict_proba'), average=weighted, multi_class=ovr)' failed and error score 0.0 has been returned instead. If this is a custom metric, this usually means that the error is in the metric code. Full exception below:
Traceback (most recent call last):
  File "C:\Users\IRSYAD NASHRULLAH\AppData\Local\Programs\Python\Python311\Lib\site-packages\pycaret\internal\metrics.py", line 196, in _score
    return super()._score(
           ^^^^^^^^^^^^^^^
  File "C:\Users\IRSYAD NASHRULLAH\AppData\Local\Programs\Python\Python311\Lib\site-packages\sklearn\metrics\_scorer.py", line 350, in _score
    return self._sign * self._score_func(y_true, y_pred, **scoring_kwargs)
                        ^^^^^^^^^^^^^^^^^^^^^^^^^^^^^^^^^^^^^^^^^^^^^^^^^^
  File "C:\Users\IRSYAD NASHRULLAH\AppData\Local\Programs\Python\Python311\Lib\site-packages\pycaret\internal\metrics.py", line 144, in __call__
    return self.score_func(y_true, y_pred, **kwargs)
           ^^^^^^^^^^^^^^^^^^^^^^^^^^^^^^^^^^^^^^^^^
  File "C:\Users\IRSYAD NASHRULLAH\AppData\Local\Programs\Python\Python311\Lib\site-packages\sklearn\utils\_param_validation.py", line 213, in wrapper
    return func(*args, **kwargs)
           ^^^^^^^^^^^^^^^^^^^^^
  File "C:\Users\IRSYAD NASHRULLAH\AppData\Local\Programs\Python\Python311\Lib\site-packages\sklearn\metrics\_ranking.py", line 634, in roc_auc_score
    return _multiclass_roc_auc_score(
           ^^^^^^^^^^^^^^^^^^^^^^^^^^
  File "C:\Users\IRSYAD NASHRULLAH\AppData\Local\Programs\Python\Python311\Lib\site-packages\sklearn\metrics\_ranking.py", line 707, in _multiclass_roc_auc_score
    raise ValueError(
ValueError: Target scores need to be probabilities for multiclass roc_auc, i.e. they should sum up to 1.0 over classes

  warnings.warn(

2026-09-15 23:31:52,312:WARNING:C:\Users\IRSYAD NASHRULLAH\AppData\Local\Programs\Python\Python311\Lib\site-packages\pycaret\internal\metrics.py:204: FitFailedWarning: Metric 'make_scorer(roc_auc_score, response_method=('decision_function', 'predict_proba'), average=weighted, multi_class=ovr)' failed and error score 0.0 has been returned instead. If this is a custom metric, this usually means that the error is in the metric code. Full exception below:
Traceback (most recent call last):
  File "C:\Users\IRSYAD NASHRULLAH\AppData\Local\Programs\Python\Python311\Lib\site-packages\pycaret\internal\metrics.py", line 196, in _score
    return super()._score(
           ^^^^^^^^^^^^^^^
  File "C:\Users\IRSYAD NASHRULLAH\AppData\Local\Programs\Python\Python311\Lib\site-packages\sklearn\metrics\_scorer.py", line 350, in _score
    return self._sign * self._score_func(y_true, y_pred, **scoring_kwargs)
                        ^^^^^^^^^^^^^^^^^^^^^^^^^^^^^^^^^^^^^^^^^^^^^^^^^^
  File "C:\Users\IRSYAD NASHRULLAH\AppData\Local\Programs\Python\Python311\Lib\site-packages\pycaret\internal\metrics.py", line 144, in __call__
    return self.score_func(y_true, y_pred, **kwargs)
           ^^^^^^^^^^^^^^^^^^^^^^^^^^^^^^^^^^^^^^^^^
  File "C:\Users\IRSYAD NASHRULLAH\AppData\Local\Programs\Python\Python311\Lib\site-packages\sklearn\utils\_param_validation.py", line 213, in wrapper
    return func(*args, **kwargs)
           ^^^^^^^^^^^^^^^^^^^^^
  File "C:\Users\IRSYAD NASHRULLAH\AppData\Local\Programs\Python\Python311\Lib\site-packages\sklearn\metrics\_ranking.py", line 634, in roc_auc_score
    return _multiclass_roc_auc_score(
           ^^^^^^^^^^^^^^^^^^^^^^^^^^
  File "C:\Users\IRSYAD NASHRULLAH\AppData\Local\Programs\Python\Python311\Lib\site-packages\sklearn\metrics\_ranking.py", line 707, in _multiclass_roc_auc_score
    raise ValueError(
ValueError: Target scores need to be probabilities for multiclass roc_auc, i.e. they should sum up to 1.0 over classes

  warnings.warn(

2026-09-15 23:31:52,317:WARNING:C:\Users\IRSYAD NASHRULLAH\AppData\Local\Programs\Python\Python311\Lib\site-packages\pycaret\internal\metrics.py:204: FitFailedWarning: Metric 'make_scorer(roc_auc_score, response_method=('decision_function', 'predict_proba'), average=weighted, multi_class=ovr)' failed and error score 0.0 has been returned instead. If this is a custom metric, this usually means that the error is in the metric code. Full exception below:
Traceback (most recent call last):
  File "C:\Users\IRSYAD NASHRULLAH\AppData\Local\Programs\Python\Python311\Lib\site-packages\pycaret\internal\metrics.py", line 196, in _score
    return super()._score(
           ^^^^^^^^^^^^^^^
  File "C:\Users\IRSYAD NASHRULLAH\AppData\Local\Programs\Python\Python311\Lib\site-packages\sklearn\metrics\_scorer.py", line 350, in _score
    return self._sign * self._score_func(y_true, y_pred, **scoring_kwargs)
                        ^^^^^^^^^^^^^^^^^^^^^^^^^^^^^^^^^^^^^^^^^^^^^^^^^^
  File "C:\Users\IRSYAD NASHRULLAH\AppData\Local\Programs\Python\Python311\Lib\site-packages\pycaret\internal\metrics.py", line 144, in __call__
    return self.score_func(y_true, y_pred, **kwargs)
           ^^^^^^^^^^^^^^^^^^^^^^^^^^^^^^^^^^^^^^^^^
  File "C:\Users\IRSYAD NASHRULLAH\AppData\Local\Programs\Python\Python311\Lib\site-packages\sklearn\utils\_param_validation.py", line 213, in wrapper
    return func(*args, **kwargs)
           ^^^^^^^^^^^^^^^^^^^^^
  File "C:\Users\IRSYAD NASHRULLAH\AppData\Local\Programs\Python\Python311\Lib\site-packages\sklearn\metrics\_ranking.py", line 634, in roc_auc_score
    return _multiclass_roc_auc_score(
           ^^^^^^^^^^^^^^^^^^^^^^^^^^
  File "C:\Users\IRSYAD NASHRULLAH\AppData\Local\Programs\Python\Python311\Lib\site-packages\sklearn\metrics\_ranking.py", line 707, in _multiclass_roc_auc_score
    raise ValueError(
ValueError: Target scores need to be probabilities for multiclass roc_auc, i.e. they should sum up to 1.0 over classes

  warnings.warn(

2026-09-15 23:31:52,327:INFO:Calculating mean and std
2026-09-15 23:31:52,327:INFO:Creating metrics dataframe
2026-09-15 23:31:52,329:INFO:Uploading results into container
2026-09-15 23:31:52,330:INFO:Uploading model into container now
2026-09-15 23:31:52,331:INFO:_master_model_container: 9
2026-09-15 23:31:52,331:INFO:_display_container: 2
2026-09-15 23:31:52,331:INFO:AdaBoostClassifier(algorithm='SAMME.R', estimator=None, learning_rate=1.0,
                   n_estimators=50, random_state=5090)
2026-09-15 23:31:52,331:INFO:create_model() successfully completed......................................
2026-09-15 23:31:52,411:INFO:SubProcess create_model() end ==================================
2026-09-15 23:31:52,411:INFO:Creating metrics dataframe
2026-09-15 23:31:52,415:INFO:Initializing Gradient Boosting Classifier
2026-09-15 23:31:52,415:INFO:Total runtime is 0.1435974359512329 minutes
2026-09-15 23:31:52,415:INFO:SubProcess create_model() called ==================================
2026-09-15 23:31:52,416:INFO:Initializing create_model()
2026-09-15 23:31:52,416:INFO:create_model(self=<pycaret.classification.oop.ClassificationExperiment object at 0x000001DC60AD1D10>, estimator=gbc, fold=StratifiedKFold(n_splits=10, random_state=None, shuffle=False), round=4, cross_validation=True, predict=True, fit_kwargs={}, groups=None, refit=False, probability_threshold=None, experiment_custom_tags=None, verbose=False, system=False, add_to_model_list=True, metrics=None, display=<pycaret.internal.display.display.CommonDisplay object at 0x000001DC65B1EF10>, model_only=True, return_train_score=False, error_score=0.0, kwargs={})
2026-09-15 23:31:52,416:INFO:Checking exceptions
2026-09-15 23:31:52,416:INFO:Importing libraries
2026-09-15 23:31:52,416:INFO:Copying training dataset
2026-09-15 23:31:52,421:INFO:Defining folds
2026-09-15 23:31:52,421:INFO:Declaring metric variables
2026-09-15 23:31:52,421:INFO:Importing untrained model
2026-09-15 23:31:52,422:INFO:Gradient Boosting Classifier Imported successfully
2026-09-15 23:31:52,422:INFO:Starting cross validation
2026-09-15 23:31:52,423:INFO:Cross validating with StratifiedKFold(n_splits=10, random_state=None, shuffle=False), n_jobs=-1
2026-09-15 23:31:52,757:WARNING:C:\Users\IRSYAD NASHRULLAH\AppData\Local\Programs\Python\Python311\Lib\site-packages\pycaret\internal\metrics.py:204: FitFailedWarning: Metric 'make_scorer(roc_auc_score, response_method=('decision_function', 'predict_proba'), average=weighted, multi_class=ovr)' failed and error score 0.0 has been returned instead. If this is a custom metric, this usually means that the error is in the metric code. Full exception below:
Traceback (most recent call last):
  File "C:\Users\IRSYAD NASHRULLAH\AppData\Local\Programs\Python\Python311\Lib\site-packages\pycaret\internal\metrics.py", line 196, in _score
    return super()._score(
           ^^^^^^^^^^^^^^^
  File "C:\Users\IRSYAD NASHRULLAH\AppData\Local\Programs\Python\Python311\Lib\site-packages\sklearn\metrics\_scorer.py", line 350, in _score
    return self._sign * self._score_func(y_true, y_pred, **scoring_kwargs)
                        ^^^^^^^^^^^^^^^^^^^^^^^^^^^^^^^^^^^^^^^^^^^^^^^^^^
  File "C:\Users\IRSYAD NASHRULLAH\AppData\Local\Programs\Python\Python311\Lib\site-packages\pycaret\internal\metrics.py", line 144, in __call__
    return self.score_func(y_true, y_pred, **kwargs)
           ^^^^^^^^^^^^^^^^^^^^^^^^^^^^^^^^^^^^^^^^^
  File "C:\Users\IRSYAD NASHRULLAH\AppData\Local\Programs\Python\Python311\Lib\site-packages\sklearn\utils\_param_validation.py", line 213, in wrapper
    return func(*args, **kwargs)
           ^^^^^^^^^^^^^^^^^^^^^
  File "C:\Users\IRSYAD NASHRULLAH\AppData\Local\Programs\Python\Python311\Lib\site-packages\sklearn\metrics\_ranking.py", line 634, in roc_auc_score
    return _multiclass_roc_auc_score(
           ^^^^^^^^^^^^^^^^^^^^^^^^^^
  File "C:\Users\IRSYAD NASHRULLAH\AppData\Local\Programs\Python\Python311\Lib\site-packages\sklearn\metrics\_ranking.py", line 707, in _multiclass_roc_auc_score
    raise ValueError(
ValueError: Target scores need to be probabilities for multiclass roc_auc, i.e. they should sum up to 1.0 over classes

  warnings.warn(

2026-09-15 23:31:52,804:WARNING:C:\Users\IRSYAD NASHRULLAH\AppData\Local\Programs\Python\Python311\Lib\site-packages\pycaret\internal\metrics.py:204: FitFailedWarning: Metric 'make_scorer(roc_auc_score, response_method=('decision_function', 'predict_proba'), average=weighted, multi_class=ovr)' failed and error score 0.0 has been returned instead. If this is a custom metric, this usually means that the error is in the metric code. Full exception below:
Traceback (most recent call last):
  File "C:\Users\IRSYAD NASHRULLAH\AppData\Local\Programs\Python\Python311\Lib\site-packages\pycaret\internal\metrics.py", line 196, in _score
    return super()._score(
           ^^^^^^^^^^^^^^^
  File "C:\Users\IRSYAD NASHRULLAH\AppData\Local\Programs\Python\Python311\Lib\site-packages\sklearn\metrics\_scorer.py", line 350, in _score
    return self._sign * self._score_func(y_true, y_pred, **scoring_kwargs)
                        ^^^^^^^^^^^^^^^^^^^^^^^^^^^^^^^^^^^^^^^^^^^^^^^^^^
  File "C:\Users\IRSYAD NASHRULLAH\AppData\Local\Programs\Python\Python311\Lib\site-packages\pycaret\internal\metrics.py", line 144, in __call__
    return self.score_func(y_true, y_pred, **kwargs)
           ^^^^^^^^^^^^^^^^^^^^^^^^^^^^^^^^^^^^^^^^^
  File "C:\Users\IRSYAD NASHRULLAH\AppData\Local\Programs\Python\Python311\Lib\site-packages\sklearn\utils\_param_validation.py", line 213, in wrapper
    return func(*args, **kwargs)
           ^^^^^^^^^^^^^^^^^^^^^
  File "C:\Users\IRSYAD NASHRULLAH\AppData\Local\Programs\Python\Python311\Lib\site-packages\sklearn\metrics\_ranking.py", line 634, in roc_auc_score
    return _multiclass_roc_auc_score(
           ^^^^^^^^^^^^^^^^^^^^^^^^^^
  File "C:\Users\IRSYAD NASHRULLAH\AppData\Local\Programs\Python\Python311\Lib\site-packages\sklearn\metrics\_ranking.py", line 707, in _multiclass_roc_auc_score
    raise ValueError(
ValueError: Target scores need to be probabilities for multiclass roc_auc, i.e. they should sum up to 1.0 over classes

  warnings.warn(

2026-09-15 23:31:52,820:WARNING:C:\Users\IRSYAD NASHRULLAH\AppData\Local\Programs\Python\Python311\Lib\site-packages\pycaret\internal\metrics.py:204: FitFailedWarning: Metric 'make_scorer(roc_auc_score, response_method=('decision_function', 'predict_proba'), average=weighted, multi_class=ovr)' failed and error score 0.0 has been returned instead. If this is a custom metric, this usually means that the error is in the metric code. Full exception below:
Traceback (most recent call last):
  File "C:\Users\IRSYAD NASHRULLAH\AppData\Local\Programs\Python\Python311\Lib\site-packages\pycaret\internal\metrics.py", line 196, in _score
    return super()._score(
           ^^^^^^^^^^^^^^^
  File "C:\Users\IRSYAD NASHRULLAH\AppData\Local\Programs\Python\Python311\Lib\site-packages\sklearn\metrics\_scorer.py", line 350, in _score
    return self._sign * self._score_func(y_true, y_pred, **scoring_kwargs)
                        ^^^^^^^^^^^^^^^^^^^^^^^^^^^^^^^^^^^^^^^^^^^^^^^^^^
  File "C:\Users\IRSYAD NASHRULLAH\AppData\Local\Programs\Python\Python311\Lib\site-packages\pycaret\internal\metrics.py", line 144, in __call__
    return self.score_func(y_true, y_pred, **kwargs)
           ^^^^^^^^^^^^^^^^^^^^^^^^^^^^^^^^^^^^^^^^^
  File "C:\Users\IRSYAD NASHRULLAH\AppData\Local\Programs\Python\Python311\Lib\site-packages\sklearn\utils\_param_validation.py", line 213, in wrapper
    return func(*args, **kwargs)
           ^^^^^^^^^^^^^^^^^^^^^
  File "C:\Users\IRSYAD NASHRULLAH\AppData\Local\Programs\Python\Python311\Lib\site-packages\sklearn\metrics\_ranking.py", line 634, in roc_auc_score
    return _multiclass_roc_auc_score(
           ^^^^^^^^^^^^^^^^^^^^^^^^^^
  File "C:\Users\IRSYAD NASHRULLAH\AppData\Local\Programs\Python\Python311\Lib\site-packages\sklearn\metrics\_ranking.py", line 707, in _multiclass_roc_auc_score
    raise ValueError(
ValueError: Target scores need to be probabilities for multiclass roc_auc, i.e. they should sum up to 1.0 over classes

  warnings.warn(

2026-09-15 23:31:52,823:WARNING:C:\Users\IRSYAD NASHRULLAH\AppData\Local\Programs\Python\Python311\Lib\site-packages\pycaret\internal\metrics.py:204: FitFailedWarning: Metric 'make_scorer(roc_auc_score, response_method=('decision_function', 'predict_proba'), average=weighted, multi_class=ovr)' failed and error score 0.0 has been returned instead. If this is a custom metric, this usually means that the error is in the metric code. Full exception below:
Traceback (most recent call last):
  File "C:\Users\IRSYAD NASHRULLAH\AppData\Local\Programs\Python\Python311\Lib\site-packages\pycaret\internal\metrics.py", line 196, in _score
    return super()._score(
           ^^^^^^^^^^^^^^^
  File "C:\Users\IRSYAD NASHRULLAH\AppData\Local\Programs\Python\Python311\Lib\site-packages\sklearn\metrics\_scorer.py", line 350, in _score
    return self._sign * self._score_func(y_true, y_pred, **scoring_kwargs)
                        ^^^^^^^^^^^^^^^^^^^^^^^^^^^^^^^^^^^^^^^^^^^^^^^^^^
  File "C:\Users\IRSYAD NASHRULLAH\AppData\Local\Programs\Python\Python311\Lib\site-packages\pycaret\internal\metrics.py", line 144, in __call__
    return self.score_func(y_true, y_pred, **kwargs)
           ^^^^^^^^^^^^^^^^^^^^^^^^^^^^^^^^^^^^^^^^^
  File "C:\Users\IRSYAD NASHRULLAH\AppData\Local\Programs\Python\Python311\Lib\site-packages\sklearn\utils\_param_validation.py", line 213, in wrapper
    return func(*args, **kwargs)
           ^^^^^^^^^^^^^^^^^^^^^
  File "C:\Users\IRSYAD NASHRULLAH\AppData\Local\Programs\Python\Python311\Lib\site-packages\sklearn\metrics\_ranking.py", line 634, in roc_auc_score
    return _multiclass_roc_auc_score(
           ^^^^^^^^^^^^^^^^^^^^^^^^^^
  File "C:\Users\IRSYAD NASHRULLAH\AppData\Local\Programs\Python\Python311\Lib\site-packages\sklearn\metrics\_ranking.py", line 707, in _multiclass_roc_auc_score
    raise ValueError(
ValueError: Target scores need to be probabilities for multiclass roc_auc, i.e. they should sum up to 1.0 over classes

  warnings.warn(

2026-09-15 23:31:52,825:WARNING:C:\Users\IRSYAD NASHRULLAH\AppData\Local\Programs\Python\Python311\Lib\site-packages\pycaret\internal\metrics.py:204: FitFailedWarning: Metric 'make_scorer(roc_auc_score, response_method=('decision_function', 'predict_proba'), average=weighted, multi_class=ovr)' failed and error score 0.0 has been returned instead. If this is a custom metric, this usually means that the error is in the metric code. Full exception below:
Traceback (most recent call last):
  File "C:\Users\IRSYAD NASHRULLAH\AppData\Local\Programs\Python\Python311\Lib\site-packages\pycaret\internal\metrics.py", line 196, in _score
    return super()._score(
           ^^^^^^^^^^^^^^^
  File "C:\Users\IRSYAD NASHRULLAH\AppData\Local\Programs\Python\Python311\Lib\site-packages\sklearn\metrics\_scorer.py", line 350, in _score
    return self._sign * self._score_func(y_true, y_pred, **scoring_kwargs)
                        ^^^^^^^^^^^^^^^^^^^^^^^^^^^^^^^^^^^^^^^^^^^^^^^^^^
  File "C:\Users\IRSYAD NASHRULLAH\AppData\Local\Programs\Python\Python311\Lib\site-packages\pycaret\internal\metrics.py", line 144, in __call__
    return self.score_func(y_true, y_pred, **kwargs)
           ^^^^^^^^^^^^^^^^^^^^^^^^^^^^^^^^^^^^^^^^^
  File "C:\Users\IRSYAD NASHRULLAH\AppData\Local\Programs\Python\Python311\Lib\site-packages\sklearn\utils\_param_validation.py", line 213, in wrapper
    return func(*args, **kwargs)
           ^^^^^^^^^^^^^^^^^^^^^
  File "C:\Users\IRSYAD NASHRULLAH\AppData\Local\Programs\Python\Python311\Lib\site-packages\sklearn\metrics\_ranking.py", line 634, in roc_auc_score
    return _multiclass_roc_auc_score(
           ^^^^^^^^^^^^^^^^^^^^^^^^^^
  File "C:\Users\IRSYAD NASHRULLAH\AppData\Local\Programs\Python\Python311\Lib\site-packages\sklearn\metrics\_ranking.py", line 707, in _multiclass_roc_auc_score
    raise ValueError(
ValueError: Target scores need to be probabilities for multiclass roc_auc, i.e. they should sum up to 1.0 over classes

  warnings.warn(

2026-09-15 23:31:52,827:WARNING:C:\Users\IRSYAD NASHRULLAH\AppData\Local\Programs\Python\Python311\Lib\site-packages\pycaret\internal\metrics.py:204: FitFailedWarning: Metric 'make_scorer(roc_auc_score, response_method=('decision_function', 'predict_proba'), average=weighted, multi_class=ovr)' failed and error score 0.0 has been returned instead. If this is a custom metric, this usually means that the error is in the metric code. Full exception below:
Traceback (most recent call last):
  File "C:\Users\IRSYAD NASHRULLAH\AppData\Local\Programs\Python\Python311\Lib\site-packages\pycaret\internal\metrics.py", line 196, in _score
    return super()._score(
           ^^^^^^^^^^^^^^^
  File "C:\Users\IRSYAD NASHRULLAH\AppData\Local\Programs\Python\Python311\Lib\site-packages\sklearn\metrics\_scorer.py", line 350, in _score
    return self._sign * self._score_func(y_true, y_pred, **scoring_kwargs)
                        ^^^^^^^^^^^^^^^^^^^^^^^^^^^^^^^^^^^^^^^^^^^^^^^^^^
  File "C:\Users\IRSYAD NASHRULLAH\AppData\Local\Programs\Python\Python311\Lib\site-packages\pycaret\internal\metrics.py", line 144, in __call__
    return self.score_func(y_true, y_pred, **kwargs)
           ^^^^^^^^^^^^^^^^^^^^^^^^^^^^^^^^^^^^^^^^^
  File "C:\Users\IRSYAD NASHRULLAH\AppData\Local\Programs\Python\Python311\Lib\site-packages\sklearn\utils\_param_validation.py", line 213, in wrapper
    return func(*args, **kwargs)
           ^^^^^^^^^^^^^^^^^^^^^
  File "C:\Users\IRSYAD NASHRULLAH\AppData\Local\Programs\Python\Python311\Lib\site-packages\sklearn\metrics\_ranking.py", line 634, in roc_auc_score
    return _multiclass_roc_auc_score(
           ^^^^^^^^^^^^^^^^^^^^^^^^^^
  File "C:\Users\IRSYAD NASHRULLAH\AppData\Local\Programs\Python\Python311\Lib\site-packages\sklearn\metrics\_ranking.py", line 707, in _multiclass_roc_auc_score
    raise ValueError(
ValueError: Target scores need to be probabilities for multiclass roc_auc, i.e. they should sum up to 1.0 over classes

  warnings.warn(

2026-09-15 23:31:52,829:WARNING:C:\Users\IRSYAD NASHRULLAH\AppData\Local\Programs\Python\Python311\Lib\site-packages\pycaret\internal\metrics.py:204: FitFailedWarning: Metric 'make_scorer(roc_auc_score, response_method=('decision_function', 'predict_proba'), average=weighted, multi_class=ovr)' failed and error score 0.0 has been returned instead. If this is a custom metric, this usually means that the error is in the metric code. Full exception below:
Traceback (most recent call last):
  File "C:\Users\IRSYAD NASHRULLAH\AppData\Local\Programs\Python\Python311\Lib\site-packages\pycaret\internal\metrics.py", line 196, in _score
    return super()._score(
           ^^^^^^^^^^^^^^^
  File "C:\Users\IRSYAD NASHRULLAH\AppData\Local\Programs\Python\Python311\Lib\site-packages\sklearn\metrics\_scorer.py", line 350, in _score
    return self._sign * self._score_func(y_true, y_pred, **scoring_kwargs)
                        ^^^^^^^^^^^^^^^^^^^^^^^^^^^^^^^^^^^^^^^^^^^^^^^^^^
  File "C:\Users\IRSYAD NASHRULLAH\AppData\Local\Programs\Python\Python311\Lib\site-packages\pycaret\internal\metrics.py", line 144, in __call__
    return self.score_func(y_true, y_pred, **kwargs)
           ^^^^^^^^^^^^^^^^^^^^^^^^^^^^^^^^^^^^^^^^^
  File "C:\Users\IRSYAD NASHRULLAH\AppData\Local\Programs\Python\Python311\Lib\site-packages\sklearn\utils\_param_validation.py", line 213, in wrapper
    return func(*args, **kwargs)
           ^^^^^^^^^^^^^^^^^^^^^
  File "C:\Users\IRSYAD NASHRULLAH\AppData\Local\Programs\Python\Python311\Lib\site-packages\sklearn\metrics\_ranking.py", line 634, in roc_auc_score
    return _multiclass_roc_auc_score(
           ^^^^^^^^^^^^^^^^^^^^^^^^^^
  File "C:\Users\IRSYAD NASHRULLAH\AppData\Local\Programs\Python\Python311\Lib\site-packages\sklearn\metrics\_ranking.py", line 707, in _multiclass_roc_auc_score
    raise ValueError(
ValueError: Target scores need to be probabilities for multiclass roc_auc, i.e. they should sum up to 1.0 over classes

  warnings.warn(

2026-09-15 23:31:52,837:WARNING:C:\Users\IRSYAD NASHRULLAH\AppData\Local\Programs\Python\Python311\Lib\site-packages\pycaret\internal\metrics.py:204: FitFailedWarning: Metric 'make_scorer(roc_auc_score, response_method=('decision_function', 'predict_proba'), average=weighted, multi_class=ovr)' failed and error score 0.0 has been returned instead. If this is a custom metric, this usually means that the error is in the metric code. Full exception below:
Traceback (most recent call last):
  File "C:\Users\IRSYAD NASHRULLAH\AppData\Local\Programs\Python\Python311\Lib\site-packages\pycaret\internal\metrics.py", line 196, in _score
    return super()._score(
           ^^^^^^^^^^^^^^^
  File "C:\Users\IRSYAD NASHRULLAH\AppData\Local\Programs\Python\Python311\Lib\site-packages\sklearn\metrics\_scorer.py", line 350, in _score
    return self._sign * self._score_func(y_true, y_pred, **scoring_kwargs)
                        ^^^^^^^^^^^^^^^^^^^^^^^^^^^^^^^^^^^^^^^^^^^^^^^^^^
  File "C:\Users\IRSYAD NASHRULLAH\AppData\Local\Programs\Python\Python311\Lib\site-packages\pycaret\internal\metrics.py", line 144, in __call__
    return self.score_func(y_true, y_pred, **kwargs)
           ^^^^^^^^^^^^^^^^^^^^^^^^^^^^^^^^^^^^^^^^^
  File "C:\Users\IRSYAD NASHRULLAH\AppData\Local\Programs\Python\Python311\Lib\site-packages\sklearn\utils\_param_validation.py", line 213, in wrapper
    return func(*args, **kwargs)
           ^^^^^^^^^^^^^^^^^^^^^
  File "C:\Users\IRSYAD NASHRULLAH\AppData\Local\Programs\Python\Python311\Lib\site-packages\sklearn\metrics\_ranking.py", line 634, in roc_auc_score
    return _multiclass_roc_auc_score(
           ^^^^^^^^^^^^^^^^^^^^^^^^^^
  File "C:\Users\IRSYAD NASHRULLAH\AppData\Local\Programs\Python\Python311\Lib\site-packages\sklearn\metrics\_ranking.py", line 707, in _multiclass_roc_auc_score
    raise ValueError(
ValueError: Target scores need to be probabilities for multiclass roc_auc, i.e. they should sum up to 1.0 over classes

  warnings.warn(

2026-09-15 23:31:52,841:WARNING:C:\Users\IRSYAD NASHRULLAH\AppData\Local\Programs\Python\Python311\Lib\site-packages\pycaret\internal\metrics.py:204: FitFailedWarning: Metric 'make_scorer(roc_auc_score, response_method=('decision_function', 'predict_proba'), average=weighted, multi_class=ovr)' failed and error score 0.0 has been returned instead. If this is a custom metric, this usually means that the error is in the metric code. Full exception below:
Traceback (most recent call last):
  File "C:\Users\IRSYAD NASHRULLAH\AppData\Local\Programs\Python\Python311\Lib\site-packages\pycaret\internal\metrics.py", line 196, in _score
    return super()._score(
           ^^^^^^^^^^^^^^^
  File "C:\Users\IRSYAD NASHRULLAH\AppData\Local\Programs\Python\Python311\Lib\site-packages\sklearn\metrics\_scorer.py", line 350, in _score
    return self._sign * self._score_func(y_true, y_pred, **scoring_kwargs)
                        ^^^^^^^^^^^^^^^^^^^^^^^^^^^^^^^^^^^^^^^^^^^^^^^^^^
  File "C:\Users\IRSYAD NASHRULLAH\AppData\Local\Programs\Python\Python311\Lib\site-packages\pycaret\internal\metrics.py", line 144, in __call__
    return self.score_func(y_true, y_pred, **kwargs)
           ^^^^^^^^^^^^^^^^^^^^^^^^^^^^^^^^^^^^^^^^^
  File "C:\Users\IRSYAD NASHRULLAH\AppData\Local\Programs\Python\Python311\Lib\site-packages\sklearn\utils\_param_validation.py", line 213, in wrapper
    return func(*args, **kwargs)
           ^^^^^^^^^^^^^^^^^^^^^
  File "C:\Users\IRSYAD NASHRULLAH\AppData\Local\Programs\Python\Python311\Lib\site-packages\sklearn\metrics\_ranking.py", line 634, in roc_auc_score
    return _multiclass_roc_auc_score(
           ^^^^^^^^^^^^^^^^^^^^^^^^^^
  File "C:\Users\IRSYAD NASHRULLAH\AppData\Local\Programs\Python\Python311\Lib\site-packages\sklearn\metrics\_ranking.py", line 707, in _multiclass_roc_auc_score
    raise ValueError(
ValueError: Target scores need to be probabilities for multiclass roc_auc, i.e. they should sum up to 1.0 over classes

  warnings.warn(

2026-09-15 23:31:52,856:INFO:Calculating mean and std
2026-09-15 23:31:52,857:INFO:Creating metrics dataframe
2026-09-15 23:31:52,859:INFO:Uploading results into container
2026-09-15 23:31:52,860:INFO:Uploading model into container now
2026-09-15 23:31:52,860:INFO:_master_model_container: 10
2026-09-15 23:31:52,860:INFO:_display_container: 2
2026-09-15 23:31:52,860:INFO:GradientBoostingClassifier(ccp_alpha=0.0, criterion='friedman_mse', init=None,
                           learning_rate=0.1, loss='log_loss', max_depth=3,
                           max_features=None, max_leaf_nodes=None,
                           min_impurity_decrease=0.0, min_samples_leaf=1,
                           min_samples_split=2, min_weight_fraction_leaf=0.0,
                           n_estimators=100, n_iter_no_change=None,
                           random_state=5090, subsample=1.0, tol=0.0001,
                           validation_fraction=0.1, verbose=0,
                           warm_start=False)
2026-09-15 23:31:52,861:INFO:create_model() successfully completed......................................
2026-09-15 23:31:52,942:INFO:SubProcess create_model() end ==================================
2026-09-15 23:31:52,942:INFO:Creating metrics dataframe
2026-09-15 23:31:52,945:INFO:Initializing Linear Discriminant Analysis
2026-09-15 23:31:52,945:INFO:Total runtime is 0.1524334192276001 minutes
2026-09-15 23:31:52,946:INFO:SubProcess create_model() called ==================================
2026-09-15 23:31:52,946:INFO:Initializing create_model()
2026-09-15 23:31:52,946:INFO:create_model(self=<pycaret.classification.oop.ClassificationExperiment object at 0x000001DC60AD1D10>, estimator=lda, fold=StratifiedKFold(n_splits=10, random_state=None, shuffle=False), round=4, cross_validation=True, predict=True, fit_kwargs={}, groups=None, refit=False, probability_threshold=None, experiment_custom_tags=None, verbose=False, system=False, add_to_model_list=True, metrics=None, display=<pycaret.internal.display.display.CommonDisplay object at 0x000001DC65B1EF10>, model_only=True, return_train_score=False, error_score=0.0, kwargs={})
2026-09-15 23:31:52,946:INFO:Checking exceptions
2026-09-15 23:31:52,946:INFO:Importing libraries
2026-09-15 23:31:52,946:INFO:Copying training dataset
2026-09-15 23:31:52,950:INFO:Defining folds
2026-09-15 23:31:52,950:INFO:Declaring metric variables
2026-09-15 23:31:52,950:INFO:Importing untrained model
2026-09-15 23:31:52,951:INFO:Linear Discriminant Analysis Imported successfully
2026-09-15 23:31:52,951:INFO:Starting cross validation
2026-09-15 23:31:52,952:INFO:Cross validating with StratifiedKFold(n_splits=10, random_state=None, shuffle=False), n_jobs=-1
2026-09-15 23:31:52,988:WARNING:C:\Users\IRSYAD NASHRULLAH\AppData\Local\Programs\Python\Python311\Lib\site-packages\pycaret\internal\metrics.py:204: FitFailedWarning: Metric 'make_scorer(roc_auc_score, response_method=('decision_function', 'predict_proba'), average=weighted, multi_class=ovr)' failed and error score 0.0 has been returned instead. If this is a custom metric, this usually means that the error is in the metric code. Full exception below:
Traceback (most recent call last):
  File "C:\Users\IRSYAD NASHRULLAH\AppData\Local\Programs\Python\Python311\Lib\site-packages\pycaret\internal\metrics.py", line 196, in _score
    return super()._score(
           ^^^^^^^^^^^^^^^
  File "C:\Users\IRSYAD NASHRULLAH\AppData\Local\Programs\Python\Python311\Lib\site-packages\sklearn\metrics\_scorer.py", line 350, in _score
    return self._sign * self._score_func(y_true, y_pred, **scoring_kwargs)
                        ^^^^^^^^^^^^^^^^^^^^^^^^^^^^^^^^^^^^^^^^^^^^^^^^^^
  File "C:\Users\IRSYAD NASHRULLAH\AppData\Local\Programs\Python\Python311\Lib\site-packages\pycaret\internal\metrics.py", line 144, in __call__
    return self.score_func(y_true, y_pred, **kwargs)
           ^^^^^^^^^^^^^^^^^^^^^^^^^^^^^^^^^^^^^^^^^
  File "C:\Users\IRSYAD NASHRULLAH\AppData\Local\Programs\Python\Python311\Lib\site-packages\sklearn\utils\_param_validation.py", line 213, in wrapper
    return func(*args, **kwargs)
           ^^^^^^^^^^^^^^^^^^^^^
  File "C:\Users\IRSYAD NASHRULLAH\AppData\Local\Programs\Python\Python311\Lib\site-packages\sklearn\metrics\_ranking.py", line 634, in roc_auc_score
    return _multiclass_roc_auc_score(
           ^^^^^^^^^^^^^^^^^^^^^^^^^^
  File "C:\Users\IRSYAD NASHRULLAH\AppData\Local\Programs\Python\Python311\Lib\site-packages\sklearn\metrics\_ranking.py", line 707, in _multiclass_roc_auc_score
    raise ValueError(
ValueError: Target scores need to be probabilities for multiclass roc_auc, i.e. they should sum up to 1.0 over classes

  warnings.warn(

2026-09-15 23:31:52,989:WARNING:C:\Users\IRSYAD NASHRULLAH\AppData\Local\Programs\Python\Python311\Lib\site-packages\pycaret\internal\metrics.py:204: FitFailedWarning: Metric 'make_scorer(roc_auc_score, response_method=('decision_function', 'predict_proba'), average=weighted, multi_class=ovr)' failed and error score 0.0 has been returned instead. If this is a custom metric, this usually means that the error is in the metric code. Full exception below:
Traceback (most recent call last):
  File "C:\Users\IRSYAD NASHRULLAH\AppData\Local\Programs\Python\Python311\Lib\site-packages\pycaret\internal\metrics.py", line 196, in _score
    return super()._score(
           ^^^^^^^^^^^^^^^
  File "C:\Users\IRSYAD NASHRULLAH\AppData\Local\Programs\Python\Python311\Lib\site-packages\sklearn\metrics\_scorer.py", line 350, in _score
    return self._sign * self._score_func(y_true, y_pred, **scoring_kwargs)
                        ^^^^^^^^^^^^^^^^^^^^^^^^^^^^^^^^^^^^^^^^^^^^^^^^^^
  File "C:\Users\IRSYAD NASHRULLAH\AppData\Local\Programs\Python\Python311\Lib\site-packages\pycaret\internal\metrics.py", line 144, in __call__
    return self.score_func(y_true, y_pred, **kwargs)
           ^^^^^^^^^^^^^^^^^^^^^^^^^^^^^^^^^^^^^^^^^
  File "C:\Users\IRSYAD NASHRULLAH\AppData\Local\Programs\Python\Python311\Lib\site-packages\sklearn\utils\_param_validation.py", line 213, in wrapper
    return func(*args, **kwargs)
           ^^^^^^^^^^^^^^^^^^^^^
  File "C:\Users\IRSYAD NASHRULLAH\AppData\Local\Programs\Python\Python311\Lib\site-packages\sklearn\metrics\_ranking.py", line 634, in roc_auc_score
    return _multiclass_roc_auc_score(
           ^^^^^^^^^^^^^^^^^^^^^^^^^^
  File "C:\Users\IRSYAD NASHRULLAH\AppData\Local\Programs\Python\Python311\Lib\site-packages\sklearn\metrics\_ranking.py", line 707, in _multiclass_roc_auc_score
    raise ValueError(
ValueError: Target scores need to be probabilities for multiclass roc_auc, i.e. they should sum up to 1.0 over classes

  warnings.warn(

2026-09-15 23:31:52,991:WARNING:C:\Users\IRSYAD NASHRULLAH\AppData\Local\Programs\Python\Python311\Lib\site-packages\pycaret\internal\metrics.py:204: FitFailedWarning: Metric 'make_scorer(roc_auc_score, response_method=('decision_function', 'predict_proba'), average=weighted, multi_class=ovr)' failed and error score 0.0 has been returned instead. If this is a custom metric, this usually means that the error is in the metric code. Full exception below:
Traceback (most recent call last):
  File "C:\Users\IRSYAD NASHRULLAH\AppData\Local\Programs\Python\Python311\Lib\site-packages\pycaret\internal\metrics.py", line 196, in _score
    return super()._score(
           ^^^^^^^^^^^^^^^
  File "C:\Users\IRSYAD NASHRULLAH\AppData\Local\Programs\Python\Python311\Lib\site-packages\sklearn\metrics\_scorer.py", line 350, in _score
    return self._sign * self._score_func(y_true, y_pred, **scoring_kwargs)
                        ^^^^^^^^^^^^^^^^^^^^^^^^^^^^^^^^^^^^^^^^^^^^^^^^^^
  File "C:\Users\IRSYAD NASHRULLAH\AppData\Local\Programs\Python\Python311\Lib\site-packages\pycaret\internal\metrics.py", line 144, in __call__
    return self.score_func(y_true, y_pred, **kwargs)
           ^^^^^^^^^^^^^^^^^^^^^^^^^^^^^^^^^^^^^^^^^
  File "C:\Users\IRSYAD NASHRULLAH\AppData\Local\Programs\Python\Python311\Lib\site-packages\sklearn\utils\_param_validation.py", line 213, in wrapper
    return func(*args, **kwargs)
           ^^^^^^^^^^^^^^^^^^^^^
  File "C:\Users\IRSYAD NASHRULLAH\AppData\Local\Programs\Python\Python311\Lib\site-packages\sklearn\metrics\_ranking.py", line 634, in roc_auc_score
    return _multiclass_roc_auc_score(
           ^^^^^^^^^^^^^^^^^^^^^^^^^^
  File "C:\Users\IRSYAD NASHRULLAH\AppData\Local\Programs\Python\Python311\Lib\site-packages\sklearn\metrics\_ranking.py", line 707, in _multiclass_roc_auc_score
    raise ValueError(
ValueError: Target scores need to be probabilities for multiclass roc_auc, i.e. they should sum up to 1.0 over classes

  warnings.warn(

2026-09-15 23:31:52,994:WARNING:C:\Users\IRSYAD NASHRULLAH\AppData\Local\Programs\Python\Python311\Lib\site-packages\pycaret\internal\metrics.py:204: FitFailedWarning: Metric 'make_scorer(roc_auc_score, response_method=('decision_function', 'predict_proba'), average=weighted, multi_class=ovr)' failed and error score 0.0 has been returned instead. If this is a custom metric, this usually means that the error is in the metric code. Full exception below:
Traceback (most recent call last):
  File "C:\Users\IRSYAD NASHRULLAH\AppData\Local\Programs\Python\Python311\Lib\site-packages\pycaret\internal\metrics.py", line 196, in _score
    return super()._score(
           ^^^^^^^^^^^^^^^
  File "C:\Users\IRSYAD NASHRULLAH\AppData\Local\Programs\Python\Python311\Lib\site-packages\sklearn\metrics\_scorer.py", line 350, in _score
    return self._sign * self._score_func(y_true, y_pred, **scoring_kwargs)
                        ^^^^^^^^^^^^^^^^^^^^^^^^^^^^^^^^^^^^^^^^^^^^^^^^^^
  File "C:\Users\IRSYAD NASHRULLAH\AppData\Local\Programs\Python\Python311\Lib\site-packages\pycaret\internal\metrics.py", line 144, in __call__
    return self.score_func(y_true, y_pred, **kwargs)
           ^^^^^^^^^^^^^^^^^^^^^^^^^^^^^^^^^^^^^^^^^
  File "C:\Users\IRSYAD NASHRULLAH\AppData\Local\Programs\Python\Python311\Lib\site-packages\sklearn\utils\_param_validation.py", line 213, in wrapper
    return func(*args, **kwargs)
           ^^^^^^^^^^^^^^^^^^^^^
  File "C:\Users\IRSYAD NASHRULLAH\AppData\Local\Programs\Python\Python311\Lib\site-packages\sklearn\metrics\_ranking.py", line 634, in roc_auc_score
    return _multiclass_roc_auc_score(
           ^^^^^^^^^^^^^^^^^^^^^^^^^^
  File "C:\Users\IRSYAD NASHRULLAH\AppData\Local\Programs\Python\Python311\Lib\site-packages\sklearn\metrics\_ranking.py", line 707, in _multiclass_roc_auc_score
    raise ValueError(
ValueError: Target scores need to be probabilities for multiclass roc_auc, i.e. they should sum up to 1.0 over classes

  warnings.warn(

2026-09-15 23:31:52,994:WARNING:C:\Users\IRSYAD NASHRULLAH\AppData\Local\Programs\Python\Python311\Lib\site-packages\pycaret\internal\metrics.py:204: FitFailedWarning: Metric 'make_scorer(roc_auc_score, response_method=('decision_function', 'predict_proba'), average=weighted, multi_class=ovr)' failed and error score 0.0 has been returned instead. If this is a custom metric, this usually means that the error is in the metric code. Full exception below:
Traceback (most recent call last):
  File "C:\Users\IRSYAD NASHRULLAH\AppData\Local\Programs\Python\Python311\Lib\site-packages\pycaret\internal\metrics.py", line 196, in _score
    return super()._score(
           ^^^^^^^^^^^^^^^
  File "C:\Users\IRSYAD NASHRULLAH\AppData\Local\Programs\Python\Python311\Lib\site-packages\sklearn\metrics\_scorer.py", line 350, in _score
    return self._sign * self._score_func(y_true, y_pred, **scoring_kwargs)
                        ^^^^^^^^^^^^^^^^^^^^^^^^^^^^^^^^^^^^^^^^^^^^^^^^^^
  File "C:\Users\IRSYAD NASHRULLAH\AppData\Local\Programs\Python\Python311\Lib\site-packages\pycaret\internal\metrics.py", line 144, in __call__
    return self.score_func(y_true, y_pred, **kwargs)
           ^^^^^^^^^^^^^^^^^^^^^^^^^^^^^^^^^^^^^^^^^
  File "C:\Users\IRSYAD NASHRULLAH\AppData\Local\Programs\Python\Python311\Lib\site-packages\sklearn\utils\_param_validation.py", line 213, in wrapper
    return func(*args, **kwargs)
           ^^^^^^^^^^^^^^^^^^^^^
  File "C:\Users\IRSYAD NASHRULLAH\AppData\Local\Programs\Python\Python311\Lib\site-packages\sklearn\metrics\_ranking.py", line 634, in roc_auc_score
    return _multiclass_roc_auc_score(
           ^^^^^^^^^^^^^^^^^^^^^^^^^^
  File "C:\Users\IRSYAD NASHRULLAH\AppData\Local\Programs\Python\Python311\Lib\site-packages\sklearn\metrics\_ranking.py", line 707, in _multiclass_roc_auc_score
    raise ValueError(
ValueError: Target scores need to be probabilities for multiclass roc_auc, i.e. they should sum up to 1.0 over classes

  warnings.warn(

2026-09-15 23:31:52,996:WARNING:C:\Users\IRSYAD NASHRULLAH\AppData\Local\Programs\Python\Python311\Lib\site-packages\pycaret\internal\metrics.py:204: FitFailedWarning: Metric 'make_scorer(roc_auc_score, response_method=('decision_function', 'predict_proba'), average=weighted, multi_class=ovr)' failed and error score 0.0 has been returned instead. If this is a custom metric, this usually means that the error is in the metric code. Full exception below:
Traceback (most recent call last):
  File "C:\Users\IRSYAD NASHRULLAH\AppData\Local\Programs\Python\Python311\Lib\site-packages\pycaret\internal\metrics.py", line 196, in _score
    return super()._score(
           ^^^^^^^^^^^^^^^
  File "C:\Users\IRSYAD NASHRULLAH\AppData\Local\Programs\Python\Python311\Lib\site-packages\sklearn\metrics\_scorer.py", line 350, in _score
    return self._sign * self._score_func(y_true, y_pred, **scoring_kwargs)
                        ^^^^^^^^^^^^^^^^^^^^^^^^^^^^^^^^^^^^^^^^^^^^^^^^^^
  File "C:\Users\IRSYAD NASHRULLAH\AppData\Local\Programs\Python\Python311\Lib\site-packages\pycaret\internal\metrics.py", line 144, in __call__
    return self.score_func(y_true, y_pred, **kwargs)
           ^^^^^^^^^^^^^^^^^^^^^^^^^^^^^^^^^^^^^^^^^
  File "C:\Users\IRSYAD NASHRULLAH\AppData\Local\Programs\Python\Python311\Lib\site-packages\sklearn\utils\_param_validation.py", line 213, in wrapper
    return func(*args, **kwargs)
           ^^^^^^^^^^^^^^^^^^^^^
  File "C:\Users\IRSYAD NASHRULLAH\AppData\Local\Programs\Python\Python311\Lib\site-packages\sklearn\metrics\_ranking.py", line 634, in roc_auc_score
    return _multiclass_roc_auc_score(
           ^^^^^^^^^^^^^^^^^^^^^^^^^^
  File "C:\Users\IRSYAD NASHRULLAH\AppData\Local\Programs\Python\Python311\Lib\site-packages\sklearn\metrics\_ranking.py", line 707, in _multiclass_roc_auc_score
    raise ValueError(
ValueError: Target scores need to be probabilities for multiclass roc_auc, i.e. they should sum up to 1.0 over classes

  warnings.warn(

2026-09-15 23:31:52,996:WARNING:C:\Users\IRSYAD NASHRULLAH\AppData\Local\Programs\Python\Python311\Lib\site-packages\pycaret\internal\metrics.py:204: FitFailedWarning: Metric 'make_scorer(roc_auc_score, response_method=('decision_function', 'predict_proba'), average=weighted, multi_class=ovr)' failed and error score 0.0 has been returned instead. If this is a custom metric, this usually means that the error is in the metric code. Full exception below:
Traceback (most recent call last):
  File "C:\Users\IRSYAD NASHRULLAH\AppData\Local\Programs\Python\Python311\Lib\site-packages\pycaret\internal\metrics.py", line 196, in _score
    return super()._score(
           ^^^^^^^^^^^^^^^
  File "C:\Users\IRSYAD NASHRULLAH\AppData\Local\Programs\Python\Python311\Lib\site-packages\sklearn\metrics\_scorer.py", line 350, in _score
    return self._sign * self._score_func(y_true, y_pred, **scoring_kwargs)
                        ^^^^^^^^^^^^^^^^^^^^^^^^^^^^^^^^^^^^^^^^^^^^^^^^^^
  File "C:\Users\IRSYAD NASHRULLAH\AppData\Local\Programs\Python\Python311\Lib\site-packages\pycaret\internal\metrics.py", line 144, in __call__
    return self.score_func(y_true, y_pred, **kwargs)
           ^^^^^^^^^^^^^^^^^^^^^^^^^^^^^^^^^^^^^^^^^
  File "C:\Users\IRSYAD NASHRULLAH\AppData\Local\Programs\Python\Python311\Lib\site-packages\sklearn\utils\_param_validation.py", line 213, in wrapper
    return func(*args, **kwargs)
           ^^^^^^^^^^^^^^^^^^^^^
  File "C:\Users\IRSYAD NASHRULLAH\AppData\Local\Programs\Python\Python311\Lib\site-packages\sklearn\metrics\_ranking.py", line 634, in roc_auc_score
    return _multiclass_roc_auc_score(
           ^^^^^^^^^^^^^^^^^^^^^^^^^^
  File "C:\Users\IRSYAD NASHRULLAH\AppData\Local\Programs\Python\Python311\Lib\site-packages\sklearn\metrics\_ranking.py", line 707, in _multiclass_roc_auc_score
    raise ValueError(
ValueError: Target scores need to be probabilities for multiclass roc_auc, i.e. they should sum up to 1.0 over classes

  warnings.warn(

2026-09-15 23:31:52,998:WARNING:C:\Users\IRSYAD NASHRULLAH\AppData\Local\Programs\Python\Python311\Lib\site-packages\pycaret\internal\metrics.py:204: FitFailedWarning: Metric 'make_scorer(roc_auc_score, response_method=('decision_function', 'predict_proba'), average=weighted, multi_class=ovr)' failed and error score 0.0 has been returned instead. If this is a custom metric, this usually means that the error is in the metric code. Full exception below:
Traceback (most recent call last):
  File "C:\Users\IRSYAD NASHRULLAH\AppData\Local\Programs\Python\Python311\Lib\site-packages\pycaret\internal\metrics.py", line 196, in _score
    return super()._score(
           ^^^^^^^^^^^^^^^
  File "C:\Users\IRSYAD NASHRULLAH\AppData\Local\Programs\Python\Python311\Lib\site-packages\sklearn\metrics\_scorer.py", line 350, in _score
    return self._sign * self._score_func(y_true, y_pred, **scoring_kwargs)
                        ^^^^^^^^^^^^^^^^^^^^^^^^^^^^^^^^^^^^^^^^^^^^^^^^^^
  File "C:\Users\IRSYAD NASHRULLAH\AppData\Local\Programs\Python\Python311\Lib\site-packages\pycaret\internal\metrics.py", line 144, in __call__
    return self.score_func(y_true, y_pred, **kwargs)
           ^^^^^^^^^^^^^^^^^^^^^^^^^^^^^^^^^^^^^^^^^
  File "C:\Users\IRSYAD NASHRULLAH\AppData\Local\Programs\Python\Python311\Lib\site-packages\sklearn\utils\_param_validation.py", line 213, in wrapper
    return func(*args, **kwargs)
           ^^^^^^^^^^^^^^^^^^^^^
  File "C:\Users\IRSYAD NASHRULLAH\AppData\Local\Programs\Python\Python311\Lib\site-packages\sklearn\metrics\_ranking.py", line 634, in roc_auc_score
    return _multiclass_roc_auc_score(
           ^^^^^^^^^^^^^^^^^^^^^^^^^^
  File "C:\Users\IRSYAD NASHRULLAH\AppData\Local\Programs\Python\Python311\Lib\site-packages\sklearn\metrics\_ranking.py", line 707, in _multiclass_roc_auc_score
    raise ValueError(
ValueError: Target scores need to be probabilities for multiclass roc_auc, i.e. they should sum up to 1.0 over classes

  warnings.warn(

2026-09-15 23:31:52,998:WARNING:C:\Users\IRSYAD NASHRULLAH\AppData\Local\Programs\Python\Python311\Lib\site-packages\pycaret\internal\metrics.py:204: FitFailedWarning: Metric 'make_scorer(roc_auc_score, response_method=('decision_function', 'predict_proba'), average=weighted, multi_class=ovr)' failed and error score 0.0 has been returned instead. If this is a custom metric, this usually means that the error is in the metric code. Full exception below:
Traceback (most recent call last):
  File "C:\Users\IRSYAD NASHRULLAH\AppData\Local\Programs\Python\Python311\Lib\site-packages\pycaret\internal\metrics.py", line 196, in _score
    return super()._score(
           ^^^^^^^^^^^^^^^
  File "C:\Users\IRSYAD NASHRULLAH\AppData\Local\Programs\Python\Python311\Lib\site-packages\sklearn\metrics\_scorer.py", line 350, in _score
    return self._sign * self._score_func(y_true, y_pred, **scoring_kwargs)
                        ^^^^^^^^^^^^^^^^^^^^^^^^^^^^^^^^^^^^^^^^^^^^^^^^^^
  File "C:\Users\IRSYAD NASHRULLAH\AppData\Local\Programs\Python\Python311\Lib\site-packages\pycaret\internal\metrics.py", line 144, in __call__
    return self.score_func(y_true, y_pred, **kwargs)
           ^^^^^^^^^^^^^^^^^^^^^^^^^^^^^^^^^^^^^^^^^
  File "C:\Users\IRSYAD NASHRULLAH\AppData\Local\Programs\Python\Python311\Lib\site-packages\sklearn\utils\_param_validation.py", line 213, in wrapper
    return func(*args, **kwargs)
           ^^^^^^^^^^^^^^^^^^^^^
  File "C:\Users\IRSYAD NASHRULLAH\AppData\Local\Programs\Python\Python311\Lib\site-packages\sklearn\metrics\_ranking.py", line 634, in roc_auc_score
    return _multiclass_roc_auc_score(
           ^^^^^^^^^^^^^^^^^^^^^^^^^^
  File "C:\Users\IRSYAD NASHRULLAH\AppData\Local\Programs\Python\Python311\Lib\site-packages\sklearn\metrics\_ranking.py", line 707, in _multiclass_roc_auc_score
    raise ValueError(
ValueError: Target scores need to be probabilities for multiclass roc_auc, i.e. they should sum up to 1.0 over classes

  warnings.warn(

2026-09-15 23:31:53,000:WARNING:C:\Users\IRSYAD NASHRULLAH\AppData\Local\Programs\Python\Python311\Lib\site-packages\pycaret\internal\metrics.py:204: FitFailedWarning: Metric 'make_scorer(roc_auc_score, response_method=('decision_function', 'predict_proba'), average=weighted, multi_class=ovr)' failed and error score 0.0 has been returned instead. If this is a custom metric, this usually means that the error is in the metric code. Full exception below:
Traceback (most recent call last):
  File "C:\Users\IRSYAD NASHRULLAH\AppData\Local\Programs\Python\Python311\Lib\site-packages\pycaret\internal\metrics.py", line 196, in _score
    return super()._score(
           ^^^^^^^^^^^^^^^
  File "C:\Users\IRSYAD NASHRULLAH\AppData\Local\Programs\Python\Python311\Lib\site-packages\sklearn\metrics\_scorer.py", line 350, in _score
    return self._sign * self._score_func(y_true, y_pred, **scoring_kwargs)
                        ^^^^^^^^^^^^^^^^^^^^^^^^^^^^^^^^^^^^^^^^^^^^^^^^^^
  File "C:\Users\IRSYAD NASHRULLAH\AppData\Local\Programs\Python\Python311\Lib\site-packages\pycaret\internal\metrics.py", line 144, in __call__
    return self.score_func(y_true, y_pred, **kwargs)
           ^^^^^^^^^^^^^^^^^^^^^^^^^^^^^^^^^^^^^^^^^
  File "C:\Users\IRSYAD NASHRULLAH\AppData\Local\Programs\Python\Python311\Lib\site-packages\sklearn\utils\_param_validation.py", line 213, in wrapper
    return func(*args, **kwargs)
           ^^^^^^^^^^^^^^^^^^^^^
  File "C:\Users\IRSYAD NASHRULLAH\AppData\Local\Programs\Python\Python311\Lib\site-packages\sklearn\metrics\_ranking.py", line 634, in roc_auc_score
    return _multiclass_roc_auc_score(
           ^^^^^^^^^^^^^^^^^^^^^^^^^^
  File "C:\Users\IRSYAD NASHRULLAH\AppData\Local\Programs\Python\Python311\Lib\site-packages\sklearn\metrics\_ranking.py", line 707, in _multiclass_roc_auc_score
    raise ValueError(
ValueError: Target scores need to be probabilities for multiclass roc_auc, i.e. they should sum up to 1.0 over classes

  warnings.warn(

2026-09-15 23:31:53,014:INFO:Calculating mean and std
2026-09-15 23:31:53,015:INFO:Creating metrics dataframe
2026-09-15 23:31:53,018:INFO:Uploading results into container
2026-09-15 23:31:53,019:INFO:Uploading model into container now
2026-09-15 23:31:53,019:INFO:_master_model_container: 11
2026-09-15 23:31:53,019:INFO:_display_container: 2
2026-09-15 23:31:53,019:INFO:LinearDiscriminantAnalysis(covariance_estimator=None, n_components=None,
                           priors=None, shrinkage=None, solver='svd',
                           store_covariance=False, tol=0.0001)
2026-09-15 23:31:53,019:INFO:create_model() successfully completed......................................
2026-09-15 23:31:53,098:INFO:SubProcess create_model() end ==================================
2026-09-15 23:31:53,098:INFO:Creating metrics dataframe
2026-09-15 23:31:53,100:INFO:Initializing Extra Trees Classifier
2026-09-15 23:31:53,102:INFO:Total runtime is 0.15501561164855956 minutes
2026-09-15 23:31:53,102:INFO:SubProcess create_model() called ==================================
2026-09-15 23:31:53,102:INFO:Initializing create_model()
2026-09-15 23:31:53,102:INFO:create_model(self=<pycaret.classification.oop.ClassificationExperiment object at 0x000001DC60AD1D10>, estimator=et, fold=StratifiedKFold(n_splits=10, random_state=None, shuffle=False), round=4, cross_validation=True, predict=True, fit_kwargs={}, groups=None, refit=False, probability_threshold=None, experiment_custom_tags=None, verbose=False, system=False, add_to_model_list=True, metrics=None, display=<pycaret.internal.display.display.CommonDisplay object at 0x000001DC65B1EF10>, model_only=True, return_train_score=False, error_score=0.0, kwargs={})
2026-09-15 23:31:53,102:INFO:Checking exceptions
2026-09-15 23:31:53,102:INFO:Importing libraries
2026-09-15 23:31:53,102:INFO:Copying training dataset
2026-09-15 23:31:53,105:INFO:Defining folds
2026-09-15 23:31:53,105:INFO:Declaring metric variables
2026-09-15 23:31:53,106:INFO:Importing untrained model
2026-09-15 23:31:53,106:INFO:Extra Trees Classifier Imported successfully
2026-09-15 23:31:53,106:INFO:Starting cross validation
2026-09-15 23:31:53,107:INFO:Cross validating with StratifiedKFold(n_splits=10, random_state=None, shuffle=False), n_jobs=-1
2026-09-15 23:31:53,326:INFO:Calculating mean and std
2026-09-15 23:31:53,327:INFO:Creating metrics dataframe
2026-09-15 23:31:53,328:INFO:Uploading results into container
2026-09-15 23:31:53,328:INFO:Uploading model into container now
2026-09-15 23:31:53,329:INFO:_master_model_container: 12
2026-09-15 23:31:53,329:INFO:_display_container: 2
2026-09-15 23:31:53,329:INFO:ExtraTreesClassifier(bootstrap=False, ccp_alpha=0.0, class_weight=None,
                     criterion='gini', max_depth=None, max_features='sqrt',
                     max_leaf_nodes=None, max_samples=None,
                     min_impurity_decrease=0.0, min_samples_leaf=1,
                     min_samples_split=2, min_weight_fraction_leaf=0.0,
                     monotonic_cst=None, n_estimators=100, n_jobs=-1,
                     oob_score=False, random_state=5090, verbose=0,
                     warm_start=False)
2026-09-15 23:31:53,329:INFO:create_model() successfully completed......................................
2026-09-15 23:31:53,392:INFO:SubProcess create_model() end ==================================
2026-09-15 23:31:53,392:INFO:Creating metrics dataframe
2026-09-15 23:31:53,394:INFO:Initializing Light Gradient Boosting Machine
2026-09-15 23:31:53,395:INFO:Total runtime is 0.1599125067392985 minutes
2026-09-15 23:31:53,395:INFO:SubProcess create_model() called ==================================
2026-09-15 23:31:53,395:INFO:Initializing create_model()
2026-09-15 23:31:53,395:INFO:create_model(self=<pycaret.classification.oop.ClassificationExperiment object at 0x000001DC60AD1D10>, estimator=lightgbm, fold=StratifiedKFold(n_splits=10, random_state=None, shuffle=False), round=4, cross_validation=True, predict=True, fit_kwargs={}, groups=None, refit=False, probability_threshold=None, experiment_custom_tags=None, verbose=False, system=False, add_to_model_list=True, metrics=None, display=<pycaret.internal.display.display.CommonDisplay object at 0x000001DC65B1EF10>, model_only=True, return_train_score=False, error_score=0.0, kwargs={})
2026-09-15 23:31:53,395:INFO:Checking exceptions
2026-09-15 23:31:53,395:INFO:Importing libraries
2026-09-15 23:31:53,395:INFO:Copying training dataset
2026-09-15 23:31:53,396:INFO:Defining folds
2026-09-15 23:31:53,398:INFO:Declaring metric variables
2026-09-15 23:31:53,398:INFO:Importing untrained model
2026-09-15 23:31:53,398:INFO:Light Gradient Boosting Machine Imported successfully
2026-09-15 23:31:53,398:INFO:Starting cross validation
2026-09-15 23:31:53,399:INFO:Cross validating with StratifiedKFold(n_splits=10, random_state=None, shuffle=False), n_jobs=-1
2026-09-15 23:31:53,553:WARNING:create_model() for lightgbm raised an exception or returned all 0.0, trying without fit_kwargs:
2026-09-15 23:31:53,557:WARNING:Traceback (most recent call last):
  File "C:\Users\IRSYAD NASHRULLAH\AppData\Local\Programs\Python\Python311\Lib\site-packages\pycaret\internal\pycaret_experiment\supervised_experiment.py", line 794, in compare_models
    model, model_fit_time = self._create_model(**create_model_args)
                            ^^^^^^^^^^^^^^^^^^^^^^^^^^^^^^^^^^^^^^^
  File "C:\Users\IRSYAD NASHRULLAH\AppData\Local\Programs\Python\Python311\Lib\site-packages\pycaret\internal\pycaret_experiment\supervised_experiment.py", line 1533, in _create_model
    model, model_fit_time, model_results, _ = self._create_model_with_cv(
                                              ^^^^^^^^^^^^^^^^^^^^^^^^^^^
  File "C:\Users\IRSYAD NASHRULLAH\AppData\Local\Programs\Python\Python311\Lib\site-packages\pycaret\internal\pycaret_experiment\supervised_experiment.py", line 1126, in _create_model_with_cv
    scores = cross_validate(
             ^^^^^^^^^^^^^^^
  File "C:\Users\IRSYAD NASHRULLAH\AppData\Local\Programs\Python\Python311\Lib\site-packages\sklearn\utils\_param_validation.py", line 213, in wrapper
    return func(*args, **kwargs)
           ^^^^^^^^^^^^^^^^^^^^^
  File "C:\Users\IRSYAD NASHRULLAH\AppData\Local\Programs\Python\Python311\Lib\site-packages\sklearn\model_selection\_validation.py", line 450, in cross_validate
    _warn_or_raise_about_fit_failures(results, error_score)
  File "C:\Users\IRSYAD NASHRULLAH\AppData\Local\Programs\Python\Python311\Lib\site-packages\sklearn\model_selection\_validation.py", line 536, in _warn_or_raise_about_fit_failures
    raise ValueError(all_fits_failed_message)
ValueError: 
All the 10 fits failed.
It is very likely that your model is misconfigured.
You can try to debug the error by setting error_score='raise'.

Below are more details about the failures:
--------------------------------------------------------------------------------
10 fits failed with the following error:
Traceback (most recent call last):
  File "C:\Users\IRSYAD NASHRULLAH\AppData\Local\Programs\Python\Python311\Lib\site-packages\sklearn\model_selection\_validation.py", line 895, in _fit_and_score
    estimator.fit(X_train, y_train, **fit_params)
  File "C:\Users\IRSYAD NASHRULLAH\AppData\Local\Programs\Python\Python311\Lib\site-packages\pycaret\internal\pipeline.py", line 278, in fit
    fitted_estimator = self._memory_fit(
                       ^^^^^^^^^^^^^^^^^
  File "C:\Users\IRSYAD NASHRULLAH\AppData\Local\Programs\Python\Python311\Lib\site-packages\joblib\memory.py", line 353, in __call__
    return self.func(*args, **kwargs)
           ^^^^^^^^^^^^^^^^^^^^^^^^^^
  File "C:\Users\IRSYAD NASHRULLAH\AppData\Local\Programs\Python\Python311\Lib\site-packages\pycaret\internal\pipeline.py", line 69, in _fit_one
    transformer.fit(*args)
  File "C:\Users\IRSYAD NASHRULLAH\AppData\Local\Programs\Python\Python311\Lib\site-packages\lightgbm\sklearn.py", line 1704, in fit
    super().fit(
  File "C:\Users\IRSYAD NASHRULLAH\AppData\Local\Programs\Python\Python311\Lib\site-packages\lightgbm\sklearn.py", line 1171, in fit
    self._Booster = train(
                    ^^^^^^
  File "C:\Users\IRSYAD NASHRULLAH\AppData\Local\Programs\Python\Python311\Lib\site-packages\lightgbm\engine.py", line 296, in train
    booster = Booster(params=params, train_set=train_set)
              ^^^^^^^^^^^^^^^^^^^^^^^^^^^^^^^^^^^^^^^^^^^
  File "C:\Users\IRSYAD NASHRULLAH\AppData\Local\Programs\Python\Python311\Lib\site-packages\lightgbm\basic.py", line 3758, in __init__
    train_set.construct()
  File "C:\Users\IRSYAD NASHRULLAH\AppData\Local\Programs\Python\Python311\Lib\site-packages\lightgbm\basic.py", line 2574, in construct
    self._lazy_init(
  File "C:\Users\IRSYAD NASHRULLAH\AppData\Local\Programs\Python\Python311\Lib\site-packages\lightgbm\basic.py", line 2189, in _lazy_init
    self.set_label(label)
  File "C:\Users\IRSYAD NASHRULLAH\AppData\Local\Programs\Python\Python311\Lib\site-packages\lightgbm\basic.py", line 3097, in set_label
    self.set_field("label", label_array)
  File "C:\Users\IRSYAD NASHRULLAH\AppData\Local\Programs\Python\Python311\Lib\site-packages\lightgbm\basic.py", line 2860, in set_field
    _LIB.LGBM_DatasetSetField(
OSError: exception: access violation reading 0x0000000000000000


2026-09-15 23:31:53,557:INFO:Initializing create_model()
2026-09-15 23:31:53,557:INFO:create_model(self=<pycaret.classification.oop.ClassificationExperiment object at 0x000001DC60AD1D10>, estimator=lightgbm, fold=StratifiedKFold(n_splits=10, random_state=None, shuffle=False), round=4, cross_validation=True, predict=True, fit_kwargs={}, groups=None, refit=False, probability_threshold=None, experiment_custom_tags=None, verbose=False, system=False, add_to_model_list=True, metrics=None, display=<pycaret.internal.display.display.CommonDisplay object at 0x000001DC65B1EF10>, model_only=True, return_train_score=False, error_score=0.0, kwargs={})
2026-09-15 23:31:53,557:INFO:Checking exceptions
2026-09-15 23:31:53,557:INFO:Importing libraries
2026-09-15 23:31:53,557:INFO:Copying training dataset
2026-09-15 23:31:53,561:INFO:Defining folds
2026-09-15 23:31:53,561:INFO:Declaring metric variables
2026-09-15 23:31:53,561:INFO:Importing untrained model
2026-09-15 23:31:53,562:INFO:Light Gradient Boosting Machine Imported successfully
2026-09-15 23:31:53,562:INFO:Starting cross validation
2026-09-15 23:31:53,562:INFO:Cross validating with StratifiedKFold(n_splits=10, random_state=None, shuffle=False), n_jobs=-1
2026-09-15 23:31:53,628:ERROR:create_model() for lightgbm raised an exception or returned all 0.0:
2026-09-15 23:31:53,630:ERROR:Traceback (most recent call last):
  File "C:\Users\IRSYAD NASHRULLAH\AppData\Local\Programs\Python\Python311\Lib\site-packages\pycaret\internal\pycaret_experiment\supervised_experiment.py", line 794, in compare_models
    model, model_fit_time = self._create_model(**create_model_args)
                            ^^^^^^^^^^^^^^^^^^^^^^^^^^^^^^^^^^^^^^^
  File "C:\Users\IRSYAD NASHRULLAH\AppData\Local\Programs\Python\Python311\Lib\site-packages\pycaret\internal\pycaret_experiment\supervised_experiment.py", line 1533, in _create_model
    model, model_fit_time, model_results, _ = self._create_model_with_cv(
                                              ^^^^^^^^^^^^^^^^^^^^^^^^^^^
  File "C:\Users\IRSYAD NASHRULLAH\AppData\Local\Programs\Python\Python311\Lib\site-packages\pycaret\internal\pycaret_experiment\supervised_experiment.py", line 1126, in _create_model_with_cv
    scores = cross_validate(
             ^^^^^^^^^^^^^^^
  File "C:\Users\IRSYAD NASHRULLAH\AppData\Local\Programs\Python\Python311\Lib\site-packages\sklearn\utils\_param_validation.py", line 213, in wrapper
    return func(*args, **kwargs)
           ^^^^^^^^^^^^^^^^^^^^^
  File "C:\Users\IRSYAD NASHRULLAH\AppData\Local\Programs\Python\Python311\Lib\site-packages\sklearn\model_selection\_validation.py", line 450, in cross_validate
    _warn_or_raise_about_fit_failures(results, error_score)
  File "C:\Users\IRSYAD NASHRULLAH\AppData\Local\Programs\Python\Python311\Lib\site-packages\sklearn\model_selection\_validation.py", line 536, in _warn_or_raise_about_fit_failures
    raise ValueError(all_fits_failed_message)
ValueError: 
All the 10 fits failed.
It is very likely that your model is misconfigured.
You can try to debug the error by setting error_score='raise'.

Below are more details about the failures:
--------------------------------------------------------------------------------
10 fits failed with the following error:
Traceback (most recent call last):
  File "C:\Users\IRSYAD NASHRULLAH\AppData\Local\Programs\Python\Python311\Lib\site-packages\sklearn\model_selection\_validation.py", line 895, in _fit_and_score
    estimator.fit(X_train, y_train, **fit_params)
  File "C:\Users\IRSYAD NASHRULLAH\AppData\Local\Programs\Python\Python311\Lib\site-packages\pycaret\internal\pipeline.py", line 278, in fit
    fitted_estimator = self._memory_fit(
                       ^^^^^^^^^^^^^^^^^
  File "C:\Users\IRSYAD NASHRULLAH\AppData\Local\Programs\Python\Python311\Lib\site-packages\joblib\memory.py", line 353, in __call__
    return self.func(*args, **kwargs)
           ^^^^^^^^^^^^^^^^^^^^^^^^^^
  File "C:\Users\IRSYAD NASHRULLAH\AppData\Local\Programs\Python\Python311\Lib\site-packages\pycaret\internal\pipeline.py", line 69, in _fit_one
    transformer.fit(*args)
  File "C:\Users\IRSYAD NASHRULLAH\AppData\Local\Programs\Python\Python311\Lib\site-packages\lightgbm\sklearn.py", line 1704, in fit
    super().fit(
  File "C:\Users\IRSYAD NASHRULLAH\AppData\Local\Programs\Python\Python311\Lib\site-packages\lightgbm\sklearn.py", line 1171, in fit
    self._Booster = train(
                    ^^^^^^
  File "C:\Users\IRSYAD NASHRULLAH\AppData\Local\Programs\Python\Python311\Lib\site-packages\lightgbm\engine.py", line 296, in train
    booster = Booster(params=params, train_set=train_set)
              ^^^^^^^^^^^^^^^^^^^^^^^^^^^^^^^^^^^^^^^^^^^
  File "C:\Users\IRSYAD NASHRULLAH\AppData\Local\Programs\Python\Python311\Lib\site-packages\lightgbm\basic.py", line 3758, in __init__
    train_set.construct()
  File "C:\Users\IRSYAD NASHRULLAH\AppData\Local\Programs\Python\Python311\Lib\site-packages\lightgbm\basic.py", line 2574, in construct
    self._lazy_init(
  File "C:\Users\IRSYAD NASHRULLAH\AppData\Local\Programs\Python\Python311\Lib\site-packages\lightgbm\basic.py", line 2189, in _lazy_init
    self.set_label(label)
  File "C:\Users\IRSYAD NASHRULLAH\AppData\Local\Programs\Python\Python311\Lib\site-packages\lightgbm\basic.py", line 3097, in set_label
    self.set_field("label", label_array)
  File "C:\Users\IRSYAD NASHRULLAH\AppData\Local\Programs\Python\Python311\Lib\site-packages\lightgbm\basic.py", line 2860, in set_field
    _LIB.LGBM_DatasetSetField(
OSError: exception: access violation reading 0x0000000000000000


During handling of the above exception, another exception occurred:

Traceback (most recent call last):
  File "C:\Users\IRSYAD NASHRULLAH\AppData\Local\Programs\Python\Python311\Lib\site-packages\pycaret\internal\pycaret_experiment\supervised_experiment.py", line 815, in compare_models
    model, model_fit_time = self._create_model(**create_model_args)
                            ^^^^^^^^^^^^^^^^^^^^^^^^^^^^^^^^^^^^^^^
  File "C:\Users\IRSYAD NASHRULLAH\AppData\Local\Programs\Python\Python311\Lib\site-packages\pycaret\internal\pycaret_experiment\supervised_experiment.py", line 1533, in _create_model
    model, model_fit_time, model_results, _ = self._create_model_with_cv(
                                              ^^^^^^^^^^^^^^^^^^^^^^^^^^^
  File "C:\Users\IRSYAD NASHRULLAH\AppData\Local\Programs\Python\Python311\Lib\site-packages\pycaret\internal\pycaret_experiment\supervised_experiment.py", line 1126, in _create_model_with_cv
    scores = cross_validate(
             ^^^^^^^^^^^^^^^
  File "C:\Users\IRSYAD NASHRULLAH\AppData\Local\Programs\Python\Python311\Lib\site-packages\sklearn\utils\_param_validation.py", line 213, in wrapper
    return func(*args, **kwargs)
           ^^^^^^^^^^^^^^^^^^^^^
  File "C:\Users\IRSYAD NASHRULLAH\AppData\Local\Programs\Python\Python311\Lib\site-packages\sklearn\model_selection\_validation.py", line 450, in cross_validate
    _warn_or_raise_about_fit_failures(results, error_score)
  File "C:\Users\IRSYAD NASHRULLAH\AppData\Local\Programs\Python\Python311\Lib\site-packages\sklearn\model_selection\_validation.py", line 536, in _warn_or_raise_about_fit_failures
    raise ValueError(all_fits_failed_message)
ValueError: 
All the 10 fits failed.
It is very likely that your model is misconfigured.
You can try to debug the error by setting error_score='raise'.

Below are more details about the failures:
--------------------------------------------------------------------------------
10 fits failed with the following error:
Traceback (most recent call last):
  File "C:\Users\IRSYAD NASHRULLAH\AppData\Local\Programs\Python\Python311\Lib\site-packages\sklearn\model_selection\_validation.py", line 895, in _fit_and_score
    estimator.fit(X_train, y_train, **fit_params)
  File "C:\Users\IRSYAD NASHRULLAH\AppData\Local\Programs\Python\Python311\Lib\site-packages\pycaret\internal\pipeline.py", line 278, in fit
    fitted_estimator = self._memory_fit(
                       ^^^^^^^^^^^^^^^^^
  File "C:\Users\IRSYAD NASHRULLAH\AppData\Local\Programs\Python\Python311\Lib\site-packages\joblib\memory.py", line 353, in __call__
    return self.func(*args, **kwargs)
           ^^^^^^^^^^^^^^^^^^^^^^^^^^
  File "C:\Users\IRSYAD NASHRULLAH\AppData\Local\Programs\Python\Python311\Lib\site-packages\pycaret\internal\pipeline.py", line 69, in _fit_one
    transformer.fit(*args)
  File "C:\Users\IRSYAD NASHRULLAH\AppData\Local\Programs\Python\Python311\Lib\site-packages\lightgbm\sklearn.py", line 1704, in fit
    super().fit(
  File "C:\Users\IRSYAD NASHRULLAH\AppData\Local\Programs\Python\Python311\Lib\site-packages\lightgbm\sklearn.py", line 1171, in fit
    self._Booster = train(
                    ^^^^^^
  File "C:\Users\IRSYAD NASHRULLAH\AppData\Local\Programs\Python\Python311\Lib\site-packages\lightgbm\engine.py", line 296, in train
    booster = Booster(params=params, train_set=train_set)
              ^^^^^^^^^^^^^^^^^^^^^^^^^^^^^^^^^^^^^^^^^^^
  File "C:\Users\IRSYAD NASHRULLAH\AppData\Local\Programs\Python\Python311\Lib\site-packages\lightgbm\basic.py", line 3758, in __init__
    train_set.construct()
  File "C:\Users\IRSYAD NASHRULLAH\AppData\Local\Programs\Python\Python311\Lib\site-packages\lightgbm\basic.py", line 2574, in construct
    self._lazy_init(
  File "C:\Users\IRSYAD NASHRULLAH\AppData\Local\Programs\Python\Python311\Lib\site-packages\lightgbm\basic.py", line 2189, in _lazy_init
    self.set_label(label)
  File "C:\Users\IRSYAD NASHRULLAH\AppData\Local\Programs\Python\Python311\Lib\site-packages\lightgbm\basic.py", line 3097, in set_label
    self.set_field("label", label_array)
  File "C:\Users\IRSYAD NASHRULLAH\AppData\Local\Programs\Python\Python311\Lib\site-packages\lightgbm\basic.py", line 2860, in set_field
    _LIB.LGBM_DatasetSetField(
OSError: exception: access violation reading 0x0000000000000000


2026-09-15 23:31:53,630:INFO:Initializing Dummy Classifier
2026-09-15 23:31:53,630:INFO:Total runtime is 0.16384040117263793 minutes
2026-09-15 23:31:53,631:INFO:SubProcess create_model() called ==================================
2026-09-15 23:31:53,631:INFO:Initializing create_model()
2026-09-15 23:31:53,631:INFO:create_model(self=<pycaret.classification.oop.ClassificationExperiment object at 0x000001DC60AD1D10>, estimator=dummy, fold=StratifiedKFold(n_splits=10, random_state=None, shuffle=False), round=4, cross_validation=True, predict=True, fit_kwargs={}, groups=None, refit=False, probability_threshold=None, experiment_custom_tags=None, verbose=False, system=False, add_to_model_list=True, metrics=None, display=<pycaret.internal.display.display.CommonDisplay object at 0x000001DC65B1EF10>, model_only=True, return_train_score=False, error_score=0.0, kwargs={})
2026-09-15 23:31:53,631:INFO:Checking exceptions
2026-09-15 23:31:53,631:INFO:Importing libraries
2026-09-15 23:31:53,631:INFO:Copying training dataset
2026-09-15 23:31:53,633:INFO:Defining folds
2026-09-15 23:31:53,633:INFO:Declaring metric variables
2026-09-15 23:31:53,633:INFO:Importing untrained model
2026-09-15 23:31:53,633:INFO:Dummy Classifier Imported successfully
2026-09-15 23:31:53,633:INFO:Starting cross validation
2026-09-15 23:31:53,634:INFO:Cross validating with StratifiedKFold(n_splits=10, random_state=None, shuffle=False), n_jobs=-1
2026-09-15 23:31:53,679:WARNING:C:\Users\IRSYAD NASHRULLAH\AppData\Local\Programs\Python\Python311\Lib\site-packages\sklearn\metrics\_classification.py:1509: UndefinedMetricWarning: Precision is ill-defined and being set to 0.0 in labels with no predicted samples. Use `zero_division` parameter to control this behavior.
  _warn_prf(average, modifier, f"{metric.capitalize()} is", len(result))

2026-09-15 23:31:53,681:WARNING:C:\Users\IRSYAD NASHRULLAH\AppData\Local\Programs\Python\Python311\Lib\site-packages\sklearn\metrics\_classification.py:1509: UndefinedMetricWarning: Precision is ill-defined and being set to 0.0 in labels with no predicted samples. Use `zero_division` parameter to control this behavior.
  _warn_prf(average, modifier, f"{metric.capitalize()} is", len(result))

2026-09-15 23:31:53,682:WARNING:C:\Users\IRSYAD NASHRULLAH\AppData\Local\Programs\Python\Python311\Lib\site-packages\sklearn\metrics\_classification.py:1509: UndefinedMetricWarning: Precision is ill-defined and being set to 0.0 in labels with no predicted samples. Use `zero_division` parameter to control this behavior.
  _warn_prf(average, modifier, f"{metric.capitalize()} is", len(result))

2026-09-15 23:31:53,709:WARNING:C:\Users\IRSYAD NASHRULLAH\AppData\Local\Programs\Python\Python311\Lib\site-packages\sklearn\metrics\_classification.py:1509: UndefinedMetricWarning: Precision is ill-defined and being set to 0.0 in labels with no predicted samples. Use `zero_division` parameter to control this behavior.
  _warn_prf(average, modifier, f"{metric.capitalize()} is", len(result))

2026-09-15 23:31:53,709:WARNING:C:\Users\IRSYAD NASHRULLAH\AppData\Local\Programs\Python\Python311\Lib\site-packages\sklearn\metrics\_classification.py:1509: UndefinedMetricWarning: Precision is ill-defined and being set to 0.0 in labels with no predicted samples. Use `zero_division` parameter to control this behavior.
  _warn_prf(average, modifier, f"{metric.capitalize()} is", len(result))

2026-09-15 23:31:53,709:WARNING:C:\Users\IRSYAD NASHRULLAH\AppData\Local\Programs\Python\Python311\Lib\site-packages\sklearn\metrics\_classification.py:1509: UndefinedMetricWarning: Precision is ill-defined and being set to 0.0 in labels with no predicted samples. Use `zero_division` parameter to control this behavior.
  _warn_prf(average, modifier, f"{metric.capitalize()} is", len(result))

2026-09-15 23:31:53,709:WARNING:C:\Users\IRSYAD NASHRULLAH\AppData\Local\Programs\Python\Python311\Lib\site-packages\sklearn\metrics\_classification.py:1509: UndefinedMetricWarning: Precision is ill-defined and being set to 0.0 in labels with no predicted samples. Use `zero_division` parameter to control this behavior.
  _warn_prf(average, modifier, f"{metric.capitalize()} is", len(result))

2026-09-15 23:31:53,709:WARNING:C:\Users\IRSYAD NASHRULLAH\AppData\Local\Programs\Python\Python311\Lib\site-packages\sklearn\metrics\_classification.py:1509: UndefinedMetricWarning: Precision is ill-defined and being set to 0.0 in labels with no predicted samples. Use `zero_division` parameter to control this behavior.
  _warn_prf(average, modifier, f"{metric.capitalize()} is", len(result))

2026-09-15 23:31:53,712:WARNING:C:\Users\IRSYAD NASHRULLAH\AppData\Local\Programs\Python\Python311\Lib\site-packages\sklearn\metrics\_classification.py:1509: UndefinedMetricWarning: Precision is ill-defined and being set to 0.0 in labels with no predicted samples. Use `zero_division` parameter to control this behavior.
  _warn_prf(average, modifier, f"{metric.capitalize()} is", len(result))

2026-09-15 23:31:53,726:INFO:Calculating mean and std
2026-09-15 23:31:53,726:INFO:Creating metrics dataframe
2026-09-15 23:31:53,728:INFO:Uploading results into container
2026-09-15 23:31:53,728:INFO:Uploading model into container now
2026-09-15 23:31:53,729:INFO:_master_model_container: 13
2026-09-15 23:31:53,729:INFO:_display_container: 2
2026-09-15 23:31:53,729:INFO:DummyClassifier(constant=None, random_state=5090, strategy='prior')
2026-09-15 23:31:53,729:INFO:create_model() successfully completed......................................
2026-09-15 23:31:53,809:INFO:SubProcess create_model() end ==================================
2026-09-15 23:31:53,809:INFO:Creating metrics dataframe
2026-09-15 23:31:53,813:WARNING:C:\Users\IRSYAD NASHRULLAH\AppData\Local\Programs\Python\Python311\Lib\site-packages\pycaret\internal\pycaret_experiment\supervised_experiment.py:339: FutureWarning: Styler.applymap has been deprecated. Use Styler.map instead.
  .applymap(highlight_cols, subset=["TT (Sec)"])

2026-09-15 23:31:53,815:INFO:Initializing create_model()
2026-09-15 23:31:53,815:INFO:create_model(self=<pycaret.classification.oop.ClassificationExperiment object at 0x000001DC60AD1D10>, estimator=LinearDiscriminantAnalysis(covariance_estimator=None, n_components=None,
                           priors=None, shrinkage=None, solver='svd',
                           store_covariance=False, tol=0.0001), fold=StratifiedKFold(n_splits=10, random_state=None, shuffle=False), round=4, cross_validation=False, predict=False, fit_kwargs={}, groups=None, refit=True, probability_threshold=None, experiment_custom_tags=None, verbose=False, system=False, add_to_model_list=True, metrics=None, display=None, model_only=True, return_train_score=False, error_score=0.0, kwargs={})
2026-09-15 23:31:53,815:INFO:Checking exceptions
2026-09-15 23:31:53,816:INFO:Importing libraries
2026-09-15 23:31:53,816:INFO:Copying training dataset
2026-09-15 23:31:53,819:INFO:Defining folds
2026-09-15 23:31:53,819:INFO:Declaring metric variables
2026-09-15 23:31:53,819:INFO:Importing untrained model
2026-09-15 23:31:53,819:INFO:Declaring custom model
2026-09-15 23:31:53,819:INFO:Linear Discriminant Analysis Imported successfully
2026-09-15 23:31:53,820:INFO:Cross validation set to False
2026-09-15 23:31:53,820:INFO:Fitting Model
2026-09-15 23:31:53,829:INFO:LinearDiscriminantAnalysis(covariance_estimator=None, n_components=None,
                           priors=None, shrinkage=None, solver='svd',
                           store_covariance=False, tol=0.0001)
2026-09-15 23:31:53,829:INFO:create_model() successfully completed......................................
2026-09-15 23:31:53,910:INFO:_master_model_container: 13
2026-09-15 23:31:53,911:INFO:_display_container: 2
2026-09-15 23:31:53,911:INFO:LinearDiscriminantAnalysis(covariance_estimator=None, n_components=None,
                           priors=None, shrinkage=None, solver='svd',
                           store_covariance=False, tol=0.0001)
2026-09-15 23:31:53,911:INFO:compare_models() successfully completed......................................
2026-09-15 23:37:06,890:WARNING:
'cuml' is a soft dependency and not included in the pycaret installation. Please run: `pip install cuml` to install.
2026-09-15 23:37:06,890:WARNING:
'cuml' is a soft dependency and not included in the pycaret installation. Please run: `pip install cuml` to install.
2026-09-15 23:37:06,890:WARNING:
'cuml' is a soft dependency and not included in the pycaret installation. Please run: `pip install cuml` to install.
2026-09-15 23:37:06,890:WARNING:
'cuml' is a soft dependency and not included in the pycaret installation. Please run: `pip install cuml` to install.
2026-09-15 23:37:07,515:INFO:PyCaret ClassificationExperiment
2026-09-15 23:37:07,515:INFO:Logging name: clf-default-name
2026-09-15 23:37:07,515:INFO:ML Usecase: MLUsecase.CLASSIFICATION
2026-09-15 23:37:07,515:INFO:version 3.3.2
2026-09-15 23:37:07,515:INFO:Initializing setup()
2026-09-15 23:37:07,515:INFO:self.USI: bb64
2026-09-15 23:37:07,515:INFO:self._variable_keys: {'exp_id', 'y_train', 'html_param', 'X_train', '_available_plots', 'target_param', 'n_jobs_param', 'X', 'pipeline', 'memory', 'fold_shuffle_param', 'X_test', 'y', 'is_multiclass', 'idx', 'gpu_param', 'log_plots_param', 'data', 'fold_generator', 'y_test', 'exp_name_log', 'fix_imbalance', 'logging_param', 'seed', 'gpu_n_jobs_param', 'fold_groups_param', 'USI', '_ml_usecase'}
2026-09-15 23:37:07,515:INFO:Checking environment
2026-09-15 23:37:07,515:INFO:python_version: 3.11.6
2026-09-15 23:37:07,515:INFO:python_build: ('tags/v3.11.6:8b6ee5b', 'Oct  2 2023 14:57:12')
2026-09-15 23:37:07,515:INFO:machine: AMD64
2026-09-15 23:37:07,526:INFO:platform: Windows-10-10.0.26200-SP0
2026-09-15 23:37:07,526:INFO:Memory: svmem(total=21168513024, available=8287133696, percent=60.9, used=12881379328, free=8287133696)
2026-09-15 23:37:07,526:INFO:Physical Core: 8
2026-09-15 23:37:07,526:INFO:Logical Core: 12
2026-09-15 23:37:07,527:INFO:Checking libraries
2026-09-15 23:37:07,527:INFO:System:
2026-09-15 23:37:07,527:INFO:    python: 3.11.6 (tags/v3.11.6:8b6ee5b, Oct  2 2023, 14:57:12) [MSC v.1935 64 bit (AMD64)]
2026-09-15 23:37:07,527:INFO:executable: C:\Users\IRSYAD NASHRULLAH\AppData\Local\Programs\Python\Python311\python.exe
2026-09-15 23:37:07,527:INFO:   machine: Windows-10-10.0.26200-SP0
2026-09-15 23:37:07,527:INFO:PyCaret required dependencies:
2026-09-15 23:37:07,545:INFO:                 pip: 23.2.1
2026-09-15 23:37:07,545:INFO:          setuptools: 65.5.0
2026-09-15 23:37:07,545:INFO:             pycaret: 3.3.2
2026-09-15 23:37:07,545:INFO:             IPython: 9.17.1
2026-09-15 23:37:07,545:INFO:          ipywidgets: 8.1.9
2026-09-15 23:37:07,545:INFO:                tqdm: 4.70.1
2026-09-15 23:37:07,545:INFO:               numpy: 1.26.4
2026-09-15 23:37:07,545:INFO:              pandas: 2.1.4
2026-09-15 23:37:07,545:INFO:              jinja2: 3.1.6
2026-09-15 23:37:07,545:INFO:               scipy: 1.11.4
2026-09-15 23:37:07,545:INFO:              joblib: 1.3.2
2026-09-15 23:37:07,545:INFO:             sklearn: 1.4.2
2026-09-15 23:37:07,545:INFO:                pyod: 3.4.0
2026-09-15 23:37:07,545:INFO:            imblearn: 0.14.2
2026-09-15 23:37:07,545:INFO:   category_encoders: 2.7.0
2026-09-15 23:37:07,545:INFO:            lightgbm: 4.7.0
2026-09-15 23:37:07,545:INFO:               numba: 0.67.0
2026-09-15 23:37:07,545:INFO:            requests: 2.34.2
2026-09-15 23:37:07,545:INFO:          matplotlib: 3.7.5
2026-09-15 23:37:07,545:INFO:          scikitplot: 0.3.7
2026-09-15 23:37:07,545:INFO:         yellowbrick: 1.5
2026-09-15 23:37:07,545:INFO:              plotly: 6.9.0
2026-09-15 23:37:07,545:INFO:    plotly-resampler: Not installed
2026-09-15 23:37:07,545:INFO:             kaleido: 1.4.0
2026-09-15 23:37:07,545:INFO:           schemdraw: 0.15
2026-09-15 23:37:07,545:INFO:         statsmodels: 0.15.0
2026-09-15 23:37:07,545:INFO:              sktime: 0.26.0
2026-09-15 23:37:07,545:INFO:               tbats: 1.1.3
2026-09-15 23:37:07,546:INFO:            pmdarima: 2.0.4
2026-09-15 23:37:07,546:INFO:              psutil: 7.2.2
2026-09-15 23:37:07,546:INFO:          markupsafe: 3.0.3
2026-09-15 23:37:07,546:INFO:             pickle5: Not installed
2026-09-15 23:37:07,546:INFO:         cloudpickle: 3.1.2
2026-09-15 23:37:07,546:INFO:         deprecation: 2.1.0
2026-09-15 23:37:07,546:INFO:              xxhash: 4.0.1
2026-09-15 23:37:07,546:INFO:           wurlitzer: Not installed
2026-09-15 23:37:07,546:INFO:PyCaret optional dependencies:
2026-09-15 23:37:07,550:INFO:                shap: Not installed
2026-09-15 23:37:07,550:INFO:           interpret: Not installed
2026-09-15 23:37:07,550:INFO:                umap: Not installed
2026-09-15 23:37:07,550:INFO:     ydata_profiling: Not installed
2026-09-15 23:37:07,550:INFO:  explainerdashboard: Not installed
2026-09-15 23:37:07,550:INFO:             autoviz: Not installed
2026-09-15 23:37:07,550:INFO:           fairlearn: Not installed
2026-09-15 23:37:07,550:INFO:          deepchecks: Not installed
2026-09-15 23:37:07,550:INFO:             xgboost: Not installed
2026-09-15 23:37:07,550:INFO:            catboost: Not installed
2026-09-15 23:37:07,550:INFO:              kmodes: Not installed
2026-09-15 23:37:07,550:INFO:             mlxtend: Not installed
2026-09-15 23:37:07,550:INFO:       statsforecast: Not installed
2026-09-15 23:37:07,550:INFO:        tune_sklearn: Not installed
2026-09-15 23:37:07,550:INFO:                 ray: Not installed
2026-09-15 23:37:07,550:INFO:            hyperopt: Not installed
2026-09-15 23:37:07,550:INFO:              optuna: Not installed
2026-09-15 23:37:07,550:INFO:               skopt: Not installed
2026-09-15 23:37:07,550:INFO:              mlflow: Not installed
2026-09-15 23:37:07,550:INFO:              gradio: Not installed
2026-09-15 23:37:07,550:INFO:             fastapi: Not installed
2026-09-15 23:37:07,550:INFO:             uvicorn: Not installed
2026-09-15 23:37:07,550:INFO:              m2cgen: Not installed
2026-09-15 23:37:07,550:INFO:           evidently: Not installed
2026-09-15 23:37:07,550:INFO:               fugue: Not installed
2026-09-15 23:37:07,551:INFO:           streamlit: Not installed
2026-09-15 23:37:07,551:INFO:             prophet: Not installed
2026-09-15 23:37:07,551:INFO:None
2026-09-15 23:37:07,551:INFO:Set up data.
2026-09-15 23:37:07,555:INFO:Set up folding strategy.
2026-09-15 23:37:07,555:INFO:Set up train/test split.
2026-09-15 23:37:07,558:INFO:Set up index.
2026-09-15 23:37:07,558:INFO:Assigning column types.
2026-09-15 23:37:07,560:INFO:Engine successfully changes for model 'lr' to 'sklearn'.
2026-09-15 23:37:07,584:INFO:Engine for model 'knn' has not been set explicitly, hence returning None.
2026-09-15 23:37:07,587:INFO:Engine for model 'rbfsvm' has not been set explicitly, hence returning None.
2026-09-15 23:37:07,607:WARNING:
'xgboost' is a soft dependency and not included in the pycaret installation. Please run: `pip install xgboost` to install.
Alternately, you can install this by running `pip install pycaret[models]`
2026-09-15 23:37:07,607:WARNING:
'catboost' is a soft dependency and not included in the pycaret installation. Please run: `pip install catboost` to install.
Alternately, you can install this by running `pip install pycaret[models]`
2026-09-15 23:37:07,632:INFO:Engine for model 'knn' has not been set explicitly, hence returning None.
2026-09-15 23:37:07,633:INFO:Engine for model 'rbfsvm' has not been set explicitly, hence returning None.
2026-09-15 23:37:07,647:WARNING:
'xgboost' is a soft dependency and not included in the pycaret installation. Please run: `pip install xgboost` to install.
Alternately, you can install this by running `pip install pycaret[models]`
2026-09-15 23:37:07,647:WARNING:
'catboost' is a soft dependency and not included in the pycaret installation. Please run: `pip install catboost` to install.
Alternately, you can install this by running `pip install pycaret[models]`
2026-09-15 23:37:07,647:INFO:Engine successfully changes for model 'knn' to 'sklearn'.
2026-09-15 23:37:07,672:INFO:Engine for model 'rbfsvm' has not been set explicitly, hence returning None.
2026-09-15 23:37:07,686:WARNING:
'xgboost' is a soft dependency and not included in the pycaret installation. Please run: `pip install xgboost` to install.
Alternately, you can install this by running `pip install pycaret[models]`
2026-09-15 23:37:07,686:WARNING:
'catboost' is a soft dependency and not included in the pycaret installation. Please run: `pip install catboost` to install.
Alternately, you can install this by running `pip install pycaret[models]`
2026-09-15 23:37:07,711:INFO:Engine for model 'rbfsvm' has not been set explicitly, hence returning None.
2026-09-15 23:37:07,725:WARNING:
'xgboost' is a soft dependency and not included in the pycaret installation. Please run: `pip install xgboost` to install.
Alternately, you can install this by running `pip install pycaret[models]`
2026-09-15 23:37:07,726:WARNING:
'catboost' is a soft dependency and not included in the pycaret installation. Please run: `pip install catboost` to install.
Alternately, you can install this by running `pip install pycaret[models]`
2026-09-15 23:37:07,726:INFO:Engine successfully changes for model 'rbfsvm' to 'sklearn'.
2026-09-15 23:37:07,764:WARNING:
'xgboost' is a soft dependency and not included in the pycaret installation. Please run: `pip install xgboost` to install.
Alternately, you can install this by running `pip install pycaret[models]`
2026-09-15 23:37:07,765:WARNING:
'catboost' is a soft dependency and not included in the pycaret installation. Please run: `pip install catboost` to install.
Alternately, you can install this by running `pip install pycaret[models]`
2026-09-15 23:37:07,802:WARNING:
'xgboost' is a soft dependency and not included in the pycaret installation. Please run: `pip install xgboost` to install.
Alternately, you can install this by running `pip install pycaret[models]`
2026-09-15 23:37:07,802:WARNING:
'catboost' is a soft dependency and not included in the pycaret installation. Please run: `pip install catboost` to install.
Alternately, you can install this by running `pip install pycaret[models]`
2026-09-15 23:37:07,806:INFO:Preparing preprocessing pipeline...
2026-09-15 23:37:07,807:INFO:Set up simple imputation.
2026-09-15 23:37:07,807:INFO:Set up column name cleaning.
2026-09-15 23:37:07,878:INFO:Finished creating preprocessing pipeline.
2026-09-15 23:37:07,881:INFO:Pipeline: Pipeline(memory=FastMemory(location=C:\Users\IRSYAD~1\AppData\Local\Temp\joblib),
         steps=[('numerical_imputer',
                 TransformerWrapper(exclude=None,
                                    include=['mean radius', 'mean texture',
                                             'mean perimeter', 'mean area',
                                             'mean smoothness',
                                             'mean compactness',
                                             'mean concavity',
                                             'mean concave points',
                                             'mean symmetry',
                                             'mean fractal dimension',
                                             'radius error', 'texture error',
                                             'perimet...
                ('categorical_imputer',
                 TransformerWrapper(exclude=None, include=[],
                                    transformer=SimpleImputer(add_indicator=False,
                                                              copy=True,
                                                              fill_value=None,
                                                              keep_empty_features=False,
                                                              missing_values=nan,
                                                              strategy='most_frequent'))),
                ('clean_column_names',
                 TransformerWrapper(exclude=None, include=None,
                                    transformer=CleanColumnNames(match='[\\]\\[\\,\\{\\}\\"\\:]+')))],
         verbose=False)
2026-09-15 23:37:07,881:INFO:Creating final display dataframe.
2026-09-15 23:37:07,948:INFO:Setup _display_container:                     Description             Value
0                    Session id              6019
1                        Target            Target
2                   Target type            Binary
3           Original data shape         (569, 31)
4        Transformed data shape         (569, 31)
5   Transformed train set shape         (398, 31)
6    Transformed test set shape         (171, 31)
7              Numeric features                30
8                    Preprocess              True
9               Imputation type            simple
10           Numeric imputation              mean
11       Categorical imputation              mode
12               Fold Generator   StratifiedKFold
13                  Fold Number                10
14                     CPU Jobs                -1
15                      Use GPU             False
16               Log Experiment             False
17              Experiment Name  clf-default-name
18                          USI              bb64
2026-09-15 23:37:07,994:WARNING:
'xgboost' is a soft dependency and not included in the pycaret installation. Please run: `pip install xgboost` to install.
Alternately, you can install this by running `pip install pycaret[models]`
2026-09-15 23:37:07,994:WARNING:
'catboost' is a soft dependency and not included in the pycaret installation. Please run: `pip install catboost` to install.
Alternately, you can install this by running `pip install pycaret[models]`
2026-09-15 23:37:08,034:WARNING:
'xgboost' is a soft dependency and not included in the pycaret installation. Please run: `pip install xgboost` to install.
Alternately, you can install this by running `pip install pycaret[models]`
2026-09-15 23:37:08,034:WARNING:
'catboost' is a soft dependency and not included in the pycaret installation. Please run: `pip install catboost` to install.
Alternately, you can install this by running `pip install pycaret[models]`
2026-09-15 23:37:08,035:INFO:setup() successfully completed in 0.52s...............
2026-09-15 23:37:08,035:INFO:Initializing compare_models()
2026-09-15 23:37:08,035:INFO:compare_models(self=<pycaret.classification.oop.ClassificationExperiment object at 0x000002C05E55EF10>, include=None, exclude=None, fold=None, round=4, cross_validation=True, sort=Accuracy, n_select=1, budget_time=None, turbo=True, errors=ignore, fit_kwargs=None, groups=None, experiment_custom_tags=None, probability_threshold=None, verbose=True, parallel=None, caller_params={'self': <pycaret.classification.oop.ClassificationExperiment object at 0x000002C05E55EF10>, 'include': None, 'exclude': None, 'fold': None, 'round': 4, 'cross_validation': True, 'sort': 'Accuracy', 'n_select': 1, 'budget_time': None, 'turbo': True, 'errors': 'ignore', 'fit_kwargs': None, 'groups': None, 'experiment_custom_tags': None, 'probability_threshold': None, 'engine': None, 'verbose': True, 'parallel': None, '__class__': <class 'pycaret.classification.oop.ClassificationExperiment'>})
2026-09-15 23:37:08,035:INFO:Checking exceptions
2026-09-15 23:37:08,037:INFO:Preparing display monitor
2026-09-15 23:37:08,040:INFO:Initializing Logistic Regression
2026-09-15 23:37:08,040:INFO:Total runtime is 0.0 minutes
2026-09-15 23:37:08,040:INFO:SubProcess create_model() called ==================================
2026-09-15 23:37:08,040:INFO:Initializing create_model()
2026-09-15 23:37:08,040:INFO:create_model(self=<pycaret.classification.oop.ClassificationExperiment object at 0x000002C05E55EF10>, estimator=lr, fold=StratifiedKFold(n_splits=10, random_state=None, shuffle=False), round=4, cross_validation=True, predict=True, fit_kwargs={}, groups=None, refit=False, probability_threshold=None, experiment_custom_tags=None, verbose=False, system=False, add_to_model_list=True, metrics=None, display=<pycaret.internal.display.display.CommonDisplay object at 0x000002C016FA6F10>, model_only=True, return_train_score=False, error_score=0.0, kwargs={})
2026-09-15 23:37:08,040:INFO:Checking exceptions
2026-09-15 23:37:08,040:INFO:Importing libraries
2026-09-15 23:37:08,040:INFO:Copying training dataset
2026-09-15 23:37:08,043:INFO:Defining folds
2026-09-15 23:37:08,043:INFO:Declaring metric variables
2026-09-15 23:37:08,043:INFO:Importing untrained model
2026-09-15 23:37:08,043:INFO:Logistic Regression Imported successfully
2026-09-15 23:37:08,044:INFO:Starting cross validation
2026-09-15 23:37:08,044:INFO:Cross validating with StratifiedKFold(n_splits=10, random_state=None, shuffle=False), n_jobs=-1
2026-09-15 23:37:11,418:WARNING:C:\Users\IRSYAD NASHRULLAH\AppData\Local\Programs\Python\Python311\Lib\site-packages\sklearn\linear_model\_logistic.py:469: ConvergenceWarning: lbfgs failed to converge (status=1):
STOP: TOTAL NO. of ITERATIONS REACHED LIMIT.

Increase the number of iterations (max_iter) or scale the data as shown in:
    https://scikit-learn.org/stable/modules/preprocessing.html
Please also refer to the documentation for alternative solver options:
    https://scikit-learn.org/stable/modules/linear_model.html#logistic-regression
  n_iter_i = _check_optimize_result(

2026-09-15 23:37:11,423:WARNING:C:\Users\IRSYAD NASHRULLAH\AppData\Local\Programs\Python\Python311\Lib\site-packages\sklearn\linear_model\_logistic.py:469: ConvergenceWarning: lbfgs failed to converge (status=1):
STOP: TOTAL NO. of ITERATIONS REACHED LIMIT.

Increase the number of iterations (max_iter) or scale the data as shown in:
    https://scikit-learn.org/stable/modules/preprocessing.html
Please also refer to the documentation for alternative solver options:
    https://scikit-learn.org/stable/modules/linear_model.html#logistic-regression
  n_iter_i = _check_optimize_result(

2026-09-15 23:37:11,428:WARNING:C:\Users\IRSYAD NASHRULLAH\AppData\Local\Programs\Python\Python311\Lib\site-packages\sklearn\linear_model\_logistic.py:469: ConvergenceWarning: lbfgs failed to converge (status=1):
STOP: TOTAL NO. of ITERATIONS REACHED LIMIT.

Increase the number of iterations (max_iter) or scale the data as shown in:
    https://scikit-learn.org/stable/modules/preprocessing.html
Please also refer to the documentation for alternative solver options:
    https://scikit-learn.org/stable/modules/linear_model.html#logistic-regression
  n_iter_i = _check_optimize_result(

2026-09-15 23:37:11,441:WARNING:C:\Users\IRSYAD NASHRULLAH\AppData\Local\Programs\Python\Python311\Lib\site-packages\sklearn\linear_model\_logistic.py:469: ConvergenceWarning: lbfgs failed to converge (status=1):
STOP: TOTAL NO. of ITERATIONS REACHED LIMIT.

Increase the number of iterations (max_iter) or scale the data as shown in:
    https://scikit-learn.org/stable/modules/preprocessing.html
Please also refer to the documentation for alternative solver options:
    https://scikit-learn.org/stable/modules/linear_model.html#logistic-regression
  n_iter_i = _check_optimize_result(

2026-09-15 23:37:11,448:WARNING:C:\Users\IRSYAD NASHRULLAH\AppData\Local\Programs\Python\Python311\Lib\site-packages\sklearn\linear_model\_logistic.py:469: ConvergenceWarning: lbfgs failed to converge (status=1):
STOP: TOTAL NO. of ITERATIONS REACHED LIMIT.

Increase the number of iterations (max_iter) or scale the data as shown in:
    https://scikit-learn.org/stable/modules/preprocessing.html
Please also refer to the documentation for alternative solver options:
    https://scikit-learn.org/stable/modules/linear_model.html#logistic-regression
  n_iter_i = _check_optimize_result(

2026-09-15 23:37:11,448:WARNING:C:\Users\IRSYAD NASHRULLAH\AppData\Local\Programs\Python\Python311\Lib\site-packages\sklearn\linear_model\_logistic.py:469: ConvergenceWarning: lbfgs failed to converge (status=1):
STOP: TOTAL NO. of ITERATIONS REACHED LIMIT.

Increase the number of iterations (max_iter) or scale the data as shown in:
    https://scikit-learn.org/stable/modules/preprocessing.html
Please also refer to the documentation for alternative solver options:
    https://scikit-learn.org/stable/modules/linear_model.html#logistic-regression
  n_iter_i = _check_optimize_result(

2026-09-15 23:37:11,451:WARNING:C:\Users\IRSYAD NASHRULLAH\AppData\Local\Programs\Python\Python311\Lib\site-packages\sklearn\linear_model\_logistic.py:469: ConvergenceWarning: lbfgs failed to converge (status=1):
STOP: TOTAL NO. of ITERATIONS REACHED LIMIT.

Increase the number of iterations (max_iter) or scale the data as shown in:
    https://scikit-learn.org/stable/modules/preprocessing.html
Please also refer to the documentation for alternative solver options:
    https://scikit-learn.org/stable/modules/linear_model.html#logistic-regression
  n_iter_i = _check_optimize_result(

2026-09-15 23:37:11,453:WARNING:C:\Users\IRSYAD NASHRULLAH\AppData\Local\Programs\Python\Python311\Lib\site-packages\sklearn\linear_model\_logistic.py:469: ConvergenceWarning: lbfgs failed to converge (status=1):
STOP: TOTAL NO. of ITERATIONS REACHED LIMIT.

Increase the number of iterations (max_iter) or scale the data as shown in:
    https://scikit-learn.org/stable/modules/preprocessing.html
Please also refer to the documentation for alternative solver options:
    https://scikit-learn.org/stable/modules/linear_model.html#logistic-regression
  n_iter_i = _check_optimize_result(

2026-09-15 23:37:11,470:WARNING:C:\Users\IRSYAD NASHRULLAH\AppData\Local\Programs\Python\Python311\Lib\site-packages\sklearn\linear_model\_logistic.py:469: ConvergenceWarning: lbfgs failed to converge (status=1):
STOP: TOTAL NO. of ITERATIONS REACHED LIMIT.

Increase the number of iterations (max_iter) or scale the data as shown in:
    https://scikit-learn.org/stable/modules/preprocessing.html
Please also refer to the documentation for alternative solver options:
    https://scikit-learn.org/stable/modules/linear_model.html#logistic-regression
  n_iter_i = _check_optimize_result(

2026-09-15 23:37:11,487:WARNING:C:\Users\IRSYAD NASHRULLAH\AppData\Local\Programs\Python\Python311\Lib\site-packages\sklearn\linear_model\_logistic.py:469: ConvergenceWarning: lbfgs failed to converge (status=1):
STOP: TOTAL NO. of ITERATIONS REACHED LIMIT.

Increase the number of iterations (max_iter) or scale the data as shown in:
    https://scikit-learn.org/stable/modules/preprocessing.html
Please also refer to the documentation for alternative solver options:
    https://scikit-learn.org/stable/modules/linear_model.html#logistic-regression
  n_iter_i = _check_optimize_result(

2026-09-15 23:37:11,516:INFO:Calculating mean and std
2026-09-15 23:37:11,517:INFO:Creating metrics dataframe
2026-09-15 23:37:11,519:INFO:Uploading results into container
2026-09-15 23:37:11,520:INFO:Uploading model into container now
2026-09-15 23:37:11,520:INFO:_master_model_container: 1
2026-09-15 23:37:11,520:INFO:_display_container: 2
2026-09-15 23:37:11,521:INFO:LogisticRegression(C=1.0, class_weight=None, dual=False, fit_intercept=True,
                   intercept_scaling=1, l1_ratio=None, max_iter=1000,
                   multi_class='auto', n_jobs=None, penalty='l2',
                   random_state=6019, solver='lbfgs', tol=0.0001, verbose=0,
                   warm_start=False)
2026-09-15 23:37:11,521:INFO:create_model() successfully completed......................................
2026-09-15 23:37:11,589:INFO:SubProcess create_model() end ==================================
2026-09-15 23:37:11,589:INFO:Creating metrics dataframe
2026-09-15 23:37:11,590:INFO:Initializing K Neighbors Classifier
2026-09-15 23:37:11,590:INFO:Total runtime is 0.05916178623835246 minutes
2026-09-15 23:37:11,591:INFO:SubProcess create_model() called ==================================
2026-09-15 23:37:11,591:INFO:Initializing create_model()
2026-09-15 23:37:11,591:INFO:create_model(self=<pycaret.classification.oop.ClassificationExperiment object at 0x000002C05E55EF10>, estimator=knn, fold=StratifiedKFold(n_splits=10, random_state=None, shuffle=False), round=4, cross_validation=True, predict=True, fit_kwargs={}, groups=None, refit=False, probability_threshold=None, experiment_custom_tags=None, verbose=False, system=False, add_to_model_list=True, metrics=None, display=<pycaret.internal.display.display.CommonDisplay object at 0x000002C016FA6F10>, model_only=True, return_train_score=False, error_score=0.0, kwargs={})
2026-09-15 23:37:11,591:INFO:Checking exceptions
2026-09-15 23:37:11,591:INFO:Importing libraries
2026-09-15 23:37:11,591:INFO:Copying training dataset
2026-09-15 23:37:11,594:INFO:Defining folds
2026-09-15 23:37:11,594:INFO:Declaring metric variables
2026-09-15 23:37:11,594:INFO:Importing untrained model
2026-09-15 23:37:11,594:INFO:K Neighbors Classifier Imported successfully
2026-09-15 23:37:11,594:INFO:Starting cross validation
2026-09-15 23:37:11,595:INFO:Cross validating with StratifiedKFold(n_splits=10, random_state=None, shuffle=False), n_jobs=-1
2026-09-15 23:37:13,324:INFO:Calculating mean and std
2026-09-15 23:37:13,324:INFO:Creating metrics dataframe
2026-09-15 23:37:13,326:INFO:Uploading results into container
2026-09-15 23:37:13,326:INFO:Uploading model into container now
2026-09-15 23:37:13,327:INFO:_master_model_container: 2
2026-09-15 23:37:13,327:INFO:_display_container: 2
2026-09-15 23:37:13,327:INFO:KNeighborsClassifier(algorithm='auto', leaf_size=30, metric='minkowski',
                     metric_params=None, n_jobs=-1, n_neighbors=5, p=2,
                     weights='uniform')
2026-09-15 23:37:13,327:INFO:create_model() successfully completed......................................
2026-09-15 23:37:13,381:INFO:SubProcess create_model() end ==================================
2026-09-15 23:37:13,381:INFO:Creating metrics dataframe
2026-09-15 23:37:13,383:INFO:Initializing Naive Bayes
2026-09-15 23:37:13,383:INFO:Total runtime is 0.08904435237248738 minutes
2026-09-15 23:37:13,383:INFO:SubProcess create_model() called ==================================
2026-09-15 23:37:13,383:INFO:Initializing create_model()
2026-09-15 23:37:13,384:INFO:create_model(self=<pycaret.classification.oop.ClassificationExperiment object at 0x000002C05E55EF10>, estimator=nb, fold=StratifiedKFold(n_splits=10, random_state=None, shuffle=False), round=4, cross_validation=True, predict=True, fit_kwargs={}, groups=None, refit=False, probability_threshold=None, experiment_custom_tags=None, verbose=False, system=False, add_to_model_list=True, metrics=None, display=<pycaret.internal.display.display.CommonDisplay object at 0x000002C016FA6F10>, model_only=True, return_train_score=False, error_score=0.0, kwargs={})
2026-09-15 23:37:13,384:INFO:Checking exceptions
2026-09-15 23:37:13,384:INFO:Importing libraries
2026-09-15 23:37:13,384:INFO:Copying training dataset
2026-09-15 23:37:13,386:INFO:Defining folds
2026-09-15 23:37:13,386:INFO:Declaring metric variables
2026-09-15 23:37:13,386:INFO:Importing untrained model
2026-09-15 23:37:13,387:INFO:Naive Bayes Imported successfully
2026-09-15 23:37:13,387:INFO:Starting cross validation
2026-09-15 23:37:13,387:INFO:Cross validating with StratifiedKFold(n_splits=10, random_state=None, shuffle=False), n_jobs=-1
2026-09-15 23:37:13,435:INFO:Calculating mean and std
2026-09-15 23:37:13,435:INFO:Creating metrics dataframe
2026-09-15 23:37:13,436:INFO:Uploading results into container
2026-09-15 23:37:13,436:INFO:Uploading model into container now
2026-09-15 23:37:13,437:INFO:_master_model_container: 3
2026-09-15 23:37:13,437:INFO:_display_container: 2
2026-09-15 23:37:13,437:INFO:GaussianNB(priors=None, var_smoothing=1e-09)
2026-09-15 23:37:13,437:INFO:create_model() successfully completed......................................
2026-09-15 23:37:13,485:INFO:SubProcess create_model() end ==================================
2026-09-15 23:37:13,485:INFO:Creating metrics dataframe
2026-09-15 23:37:13,486:INFO:Initializing Decision Tree Classifier
2026-09-15 23:37:13,486:INFO:Total runtime is 0.09077612956364949 minutes
2026-09-15 23:37:13,486:INFO:SubProcess create_model() called ==================================
2026-09-15 23:37:13,486:INFO:Initializing create_model()
2026-09-15 23:37:13,487:INFO:create_model(self=<pycaret.classification.oop.ClassificationExperiment object at 0x000002C05E55EF10>, estimator=dt, fold=StratifiedKFold(n_splits=10, random_state=None, shuffle=False), round=4, cross_validation=True, predict=True, fit_kwargs={}, groups=None, refit=False, probability_threshold=None, experiment_custom_tags=None, verbose=False, system=False, add_to_model_list=True, metrics=None, display=<pycaret.internal.display.display.CommonDisplay object at 0x000002C016FA6F10>, model_only=True, return_train_score=False, error_score=0.0, kwargs={})
2026-09-15 23:37:13,487:INFO:Checking exceptions
2026-09-15 23:37:13,487:INFO:Importing libraries
2026-09-15 23:37:13,487:INFO:Copying training dataset
2026-09-15 23:37:13,489:INFO:Defining folds
2026-09-15 23:37:13,489:INFO:Declaring metric variables
2026-09-15 23:37:13,489:INFO:Importing untrained model
2026-09-15 23:37:13,490:INFO:Decision Tree Classifier Imported successfully
2026-09-15 23:37:13,490:INFO:Starting cross validation
2026-09-15 23:37:13,490:INFO:Cross validating with StratifiedKFold(n_splits=10, random_state=None, shuffle=False), n_jobs=-1
2026-09-15 23:37:13,538:INFO:Calculating mean and std
2026-09-15 23:37:13,538:INFO:Creating metrics dataframe
2026-09-15 23:37:13,539:INFO:Uploading results into container
2026-09-15 23:37:13,540:INFO:Uploading model into container now
2026-09-15 23:37:13,540:INFO:_master_model_container: 4
2026-09-15 23:37:13,540:INFO:_display_container: 2
2026-09-15 23:37:13,540:INFO:DecisionTreeClassifier(ccp_alpha=0.0, class_weight=None, criterion='gini',
                       max_depth=None, max_features=None, max_leaf_nodes=None,
                       min_impurity_decrease=0.0, min_samples_leaf=1,
                       min_samples_split=2, min_weight_fraction_leaf=0.0,
                       monotonic_cst=None, random_state=6019, splitter='best')
2026-09-15 23:37:13,540:INFO:create_model() successfully completed......................................
2026-09-15 23:37:13,589:INFO:SubProcess create_model() end ==================================
2026-09-15 23:37:13,589:INFO:Creating metrics dataframe
2026-09-15 23:37:13,590:INFO:Initializing SVM - Linear Kernel
2026-09-15 23:37:13,590:INFO:Total runtime is 0.09250805377960204 minutes
2026-09-15 23:37:13,591:INFO:SubProcess create_model() called ==================================
2026-09-15 23:37:13,591:INFO:Initializing create_model()
2026-09-15 23:37:13,591:INFO:create_model(self=<pycaret.classification.oop.ClassificationExperiment object at 0x000002C05E55EF10>, estimator=svm, fold=StratifiedKFold(n_splits=10, random_state=None, shuffle=False), round=4, cross_validation=True, predict=True, fit_kwargs={}, groups=None, refit=False, probability_threshold=None, experiment_custom_tags=None, verbose=False, system=False, add_to_model_list=True, metrics=None, display=<pycaret.internal.display.display.CommonDisplay object at 0x000002C016FA6F10>, model_only=True, return_train_score=False, error_score=0.0, kwargs={})
2026-09-15 23:37:13,591:INFO:Checking exceptions
2026-09-15 23:37:13,591:INFO:Importing libraries
2026-09-15 23:37:13,591:INFO:Copying training dataset
2026-09-15 23:37:13,594:INFO:Defining folds
2026-09-15 23:37:13,594:INFO:Declaring metric variables
2026-09-15 23:37:13,594:INFO:Importing untrained model
2026-09-15 23:37:13,594:INFO:SVM - Linear Kernel Imported successfully
2026-09-15 23:37:13,594:INFO:Starting cross validation
2026-09-15 23:37:13,594:INFO:Cross validating with StratifiedKFold(n_splits=10, random_state=None, shuffle=False), n_jobs=-1
2026-09-15 23:37:13,643:INFO:Calculating mean and std
2026-09-15 23:37:13,643:INFO:Creating metrics dataframe
2026-09-15 23:37:13,644:INFO:Uploading results into container
2026-09-15 23:37:13,645:INFO:Uploading model into container now
2026-09-15 23:37:13,645:INFO:_master_model_container: 5
2026-09-15 23:37:13,645:INFO:_display_container: 2
2026-09-15 23:37:13,645:INFO:SGDClassifier(alpha=0.0001, average=False, class_weight=None,
              early_stopping=False, epsilon=0.1, eta0=0.001, fit_intercept=True,
              l1_ratio=0.15, learning_rate='optimal', loss='hinge',
              max_iter=1000, n_iter_no_change=5, n_jobs=-1, penalty='l2',
              power_t=0.5, random_state=6019, shuffle=True, tol=0.001,
              validation_fraction=0.1, verbose=0, warm_start=False)
2026-09-15 23:37:13,645:INFO:create_model() successfully completed......................................
2026-09-15 23:37:13,696:INFO:SubProcess create_model() end ==================================
2026-09-15 23:37:13,696:INFO:Creating metrics dataframe
2026-09-15 23:37:13,697:INFO:Initializing Ridge Classifier
2026-09-15 23:37:13,697:INFO:Total runtime is 0.09428961277008056 minutes
2026-09-15 23:37:13,697:INFO:SubProcess create_model() called ==================================
2026-09-15 23:37:13,697:INFO:Initializing create_model()
2026-09-15 23:37:13,697:INFO:create_model(self=<pycaret.classification.oop.ClassificationExperiment object at 0x000002C05E55EF10>, estimator=ridge, fold=StratifiedKFold(n_splits=10, random_state=None, shuffle=False), round=4, cross_validation=True, predict=True, fit_kwargs={}, groups=None, refit=False, probability_threshold=None, experiment_custom_tags=None, verbose=False, system=False, add_to_model_list=True, metrics=None, display=<pycaret.internal.display.display.CommonDisplay object at 0x000002C016FA6F10>, model_only=True, return_train_score=False, error_score=0.0, kwargs={})
2026-09-15 23:37:13,697:INFO:Checking exceptions
2026-09-15 23:37:13,697:INFO:Importing libraries
2026-09-15 23:37:13,697:INFO:Copying training dataset
2026-09-15 23:37:13,700:INFO:Defining folds
2026-09-15 23:37:13,700:INFO:Declaring metric variables
2026-09-15 23:37:13,700:INFO:Importing untrained model
2026-09-15 23:37:13,700:INFO:Ridge Classifier Imported successfully
2026-09-15 23:37:13,700:INFO:Starting cross validation
2026-09-15 23:37:13,702:INFO:Cross validating with StratifiedKFold(n_splits=10, random_state=None, shuffle=False), n_jobs=-1
2026-09-15 23:37:13,749:WARNING:C:\Users\IRSYAD NASHRULLAH\AppData\Local\Programs\Python\Python311\Lib\site-packages\sklearn\linear_model\_ridge.py:204: LinAlgWarning: Ill-conditioned matrix (rcond=3.5318e-09): result may not be accurate.
  return linalg.solve(A, Xy, assume_a="pos", overwrite_a=True).T

2026-09-15 23:37:13,749:WARNING:C:\Users\IRSYAD NASHRULLAH\AppData\Local\Programs\Python\Python311\Lib\site-packages\sklearn\linear_model\_ridge.py:204: LinAlgWarning: Ill-conditioned matrix (rcond=4.23152e-09): result may not be accurate.
  return linalg.solve(A, Xy, assume_a="pos", overwrite_a=True).T

2026-09-15 23:37:13,749:WARNING:C:\Users\IRSYAD NASHRULLAH\AppData\Local\Programs\Python\Python311\Lib\site-packages\sklearn\linear_model\_ridge.py:204: LinAlgWarning: Ill-conditioned matrix (rcond=4.68133e-09): result may not be accurate.
  return linalg.solve(A, Xy, assume_a="pos", overwrite_a=True).T

2026-09-15 23:37:13,749:WARNING:C:\Users\IRSYAD NASHRULLAH\AppData\Local\Programs\Python\Python311\Lib\site-packages\sklearn\linear_model\_ridge.py:204: LinAlgWarning: Ill-conditioned matrix (rcond=3.50179e-09): result may not be accurate.
  return linalg.solve(A, Xy, assume_a="pos", overwrite_a=True).T

2026-09-15 23:37:13,749:WARNING:C:\Users\IRSYAD NASHRULLAH\AppData\Local\Programs\Python\Python311\Lib\site-packages\sklearn\linear_model\_ridge.py:204: LinAlgWarning: Ill-conditioned matrix (rcond=4.2485e-09): result may not be accurate.
  return linalg.solve(A, Xy, assume_a="pos", overwrite_a=True).T


2026-09-15 23:37:13,749:WARNING:C:\Users\IRSYAD NASHRULLAH\AppData\Local\Programs\Python\Python311\Lib\site-packages\sklearn\linear_model\_ridge.py:204: LinAlgWarning: Ill-conditioned matrix (rcond=3.63048e-09): result may not be accurate.
  return linalg.solve(A, Xy, assume_a="pos", overwrite_a=True).T

2026-09-15 23:37:13,750:WARNING:C:\Users\IRSYAD NASHRULLAH\AppData\Local\Programs\Python\Python311\Lib\site-packages\sklearn\linear_model\_ridge.py:204: LinAlgWarning: Ill-conditioned matrix (rcond=4.00232e-09): result may not be accurate.
  return linalg.solve(A, Xy, assume_a="pos", overwrite_a=True).T

2026-09-15 23:37:13,750:WARNING:C:\Users\IRSYAD NASHRULLAH\AppData\Local\Programs\Python\Python311\Lib\site-packages\sklearn\linear_model\_ridge.py:204: LinAlgWarning: Ill-conditioned matrix (rcond=4.22686e-09): result may not be accurate.
  return linalg.solve(A, Xy, assume_a="pos", overwrite_a=True).T

2026-09-15 23:37:13,751:WARNING:C:\Users\IRSYAD NASHRULLAH\AppData\Local\Programs\Python\Python311\Lib\site-packages\sklearn\linear_model\_ridge.py:204: LinAlgWarning: Ill-conditioned matrix (rcond=4.14775e-09): result may not be accurate.
  return linalg.solve(A, Xy, assume_a="pos", overwrite_a=True).T

2026-09-15 23:37:13,781:INFO:Calculating mean and std
2026-09-15 23:37:13,782:INFO:Creating metrics dataframe
2026-09-15 23:37:13,783:INFO:Uploading results into container
2026-09-15 23:37:13,783:INFO:Uploading model into container now
2026-09-15 23:37:13,783:INFO:_master_model_container: 6
2026-09-15 23:37:13,784:INFO:_display_container: 2
2026-09-15 23:37:13,784:INFO:RidgeClassifier(alpha=1.0, class_weight=None, copy_X=True, fit_intercept=True,
                max_iter=None, positive=False, random_state=6019, solver='auto',
                tol=0.0001)
2026-09-15 23:37:13,784:INFO:create_model() successfully completed......................................
2026-09-15 23:37:13,831:INFO:SubProcess create_model() end ==================================
2026-09-15 23:37:13,832:INFO:Creating metrics dataframe
2026-09-15 23:37:13,833:INFO:Initializing Random Forest Classifier
2026-09-15 23:37:13,833:INFO:Total runtime is 0.09655135075251262 minutes
2026-09-15 23:37:13,833:INFO:SubProcess create_model() called ==================================
2026-09-15 23:37:13,833:INFO:Initializing create_model()
2026-09-15 23:37:13,833:INFO:create_model(self=<pycaret.classification.oop.ClassificationExperiment object at 0x000002C05E55EF10>, estimator=rf, fold=StratifiedKFold(n_splits=10, random_state=None, shuffle=False), round=4, cross_validation=True, predict=True, fit_kwargs={}, groups=None, refit=False, probability_threshold=None, experiment_custom_tags=None, verbose=False, system=False, add_to_model_list=True, metrics=None, display=<pycaret.internal.display.display.CommonDisplay object at 0x000002C016FA6F10>, model_only=True, return_train_score=False, error_score=0.0, kwargs={})
2026-09-15 23:37:13,833:INFO:Checking exceptions
2026-09-15 23:37:13,833:INFO:Importing libraries
2026-09-15 23:37:13,833:INFO:Copying training dataset
2026-09-15 23:37:13,836:INFO:Defining folds
2026-09-15 23:37:13,836:INFO:Declaring metric variables
2026-09-15 23:37:13,836:INFO:Importing untrained model
2026-09-15 23:37:13,836:INFO:Random Forest Classifier Imported successfully
2026-09-15 23:37:13,836:INFO:Starting cross validation
2026-09-15 23:37:13,837:INFO:Cross validating with StratifiedKFold(n_splits=10, random_state=None, shuffle=False), n_jobs=-1
2026-09-15 23:37:14,110:INFO:Calculating mean and std
2026-09-15 23:37:14,110:INFO:Creating metrics dataframe
2026-09-15 23:37:14,111:INFO:Uploading results into container
2026-09-15 23:37:14,112:INFO:Uploading model into container now
2026-09-15 23:37:14,112:INFO:_master_model_container: 7
2026-09-15 23:37:14,112:INFO:_display_container: 2
2026-09-15 23:37:14,112:INFO:RandomForestClassifier(bootstrap=True, ccp_alpha=0.0, class_weight=None,
                       criterion='gini', max_depth=None, max_features='sqrt',
                       max_leaf_nodes=None, max_samples=None,
                       min_impurity_decrease=0.0, min_samples_leaf=1,
                       min_samples_split=2, min_weight_fraction_leaf=0.0,
                       monotonic_cst=None, n_estimators=100, n_jobs=-1,
                       oob_score=False, random_state=6019, verbose=0,
                       warm_start=False)
2026-09-15 23:37:14,112:INFO:create_model() successfully completed......................................
2026-09-15 23:37:14,164:INFO:SubProcess create_model() end ==================================
2026-09-15 23:37:14,164:INFO:Creating metrics dataframe
2026-09-15 23:37:14,165:INFO:Initializing Quadratic Discriminant Analysis
2026-09-15 23:37:14,165:INFO:Total runtime is 0.10208412011464436 minutes
2026-09-15 23:37:14,165:INFO:SubProcess create_model() called ==================================
2026-09-15 23:37:14,165:INFO:Initializing create_model()
2026-09-15 23:37:14,165:INFO:create_model(self=<pycaret.classification.oop.ClassificationExperiment object at 0x000002C05E55EF10>, estimator=qda, fold=StratifiedKFold(n_splits=10, random_state=None, shuffle=False), round=4, cross_validation=True, predict=True, fit_kwargs={}, groups=None, refit=False, probability_threshold=None, experiment_custom_tags=None, verbose=False, system=False, add_to_model_list=True, metrics=None, display=<pycaret.internal.display.display.CommonDisplay object at 0x000002C016FA6F10>, model_only=True, return_train_score=False, error_score=0.0, kwargs={})
2026-09-15 23:37:14,165:INFO:Checking exceptions
2026-09-15 23:37:14,165:INFO:Importing libraries
2026-09-15 23:37:14,165:INFO:Copying training dataset
2026-09-15 23:37:14,168:INFO:Defining folds
2026-09-15 23:37:14,168:INFO:Declaring metric variables
2026-09-15 23:37:14,168:INFO:Importing untrained model
2026-09-15 23:37:14,168:INFO:Quadratic Discriminant Analysis Imported successfully
2026-09-15 23:37:14,168:INFO:Starting cross validation
2026-09-15 23:37:14,169:INFO:Cross validating with StratifiedKFold(n_splits=10, random_state=None, shuffle=False), n_jobs=-1
2026-09-15 23:37:14,248:INFO:Calculating mean and std
2026-09-15 23:37:14,248:INFO:Creating metrics dataframe
2026-09-15 23:37:14,249:INFO:Uploading results into container
2026-09-15 23:37:14,249:INFO:Uploading model into container now
2026-09-15 23:37:14,249:INFO:_master_model_container: 8
2026-09-15 23:37:14,250:INFO:_display_container: 2
2026-09-15 23:37:14,250:INFO:QuadraticDiscriminantAnalysis(priors=None, reg_param=0.0,
                              store_covariance=False, tol=0.0001)
2026-09-15 23:37:14,250:INFO:create_model() successfully completed......................................
2026-09-15 23:37:14,299:INFO:SubProcess create_model() end ==================================
2026-09-15 23:37:14,299:INFO:Creating metrics dataframe
2026-09-15 23:37:14,300:INFO:Initializing Ada Boost Classifier
2026-09-15 23:37:14,300:INFO:Total runtime is 0.10433410008748371 minutes
2026-09-15 23:37:14,300:INFO:SubProcess create_model() called ==================================
2026-09-15 23:37:14,301:INFO:Initializing create_model()
2026-09-15 23:37:14,301:INFO:create_model(self=<pycaret.classification.oop.ClassificationExperiment object at 0x000002C05E55EF10>, estimator=ada, fold=StratifiedKFold(n_splits=10, random_state=None, shuffle=False), round=4, cross_validation=True, predict=True, fit_kwargs={}, groups=None, refit=False, probability_threshold=None, experiment_custom_tags=None, verbose=False, system=False, add_to_model_list=True, metrics=None, display=<pycaret.internal.display.display.CommonDisplay object at 0x000002C016FA6F10>, model_only=True, return_train_score=False, error_score=0.0, kwargs={})
2026-09-15 23:37:14,301:INFO:Checking exceptions
2026-09-15 23:37:14,301:INFO:Importing libraries
2026-09-15 23:37:14,301:INFO:Copying training dataset
2026-09-15 23:37:14,303:INFO:Defining folds
2026-09-15 23:37:14,303:INFO:Declaring metric variables
2026-09-15 23:37:14,303:INFO:Importing untrained model
2026-09-15 23:37:14,303:INFO:Ada Boost Classifier Imported successfully
2026-09-15 23:37:14,303:INFO:Starting cross validation
2026-09-15 23:37:14,304:INFO:Cross validating with StratifiedKFold(n_splits=10, random_state=None, shuffle=False), n_jobs=-1
2026-09-15 23:37:14,318:WARNING:C:\Users\IRSYAD NASHRULLAH\AppData\Local\Programs\Python\Python311\Lib\site-packages\sklearn\ensemble\_weight_boosting.py:519: FutureWarning: The SAMME.R algorithm (the default) is deprecated and will be removed in 1.6. Use the SAMME algorithm to circumvent this warning.
  warnings.warn(

2026-09-15 23:37:14,318:WARNING:C:\Users\IRSYAD NASHRULLAH\AppData\Local\Programs\Python\Python311\Lib\site-packages\sklearn\ensemble\_weight_boosting.py:519: FutureWarning: The SAMME.R algorithm (the default) is deprecated and will be removed in 1.6. Use the SAMME algorithm to circumvent this warning.
  warnings.warn(

2026-09-15 23:37:14,319:WARNING:C:\Users\IRSYAD NASHRULLAH\AppData\Local\Programs\Python\Python311\Lib\site-packages\sklearn\ensemble\_weight_boosting.py:519: FutureWarning: The SAMME.R algorithm (the default) is deprecated and will be removed in 1.6. Use the SAMME algorithm to circumvent this warning.
  warnings.warn(

2026-09-15 23:37:14,321:WARNING:C:\Users\IRSYAD NASHRULLAH\AppData\Local\Programs\Python\Python311\Lib\site-packages\sklearn\ensemble\_weight_boosting.py:519: FutureWarning: The SAMME.R algorithm (the default) is deprecated and will be removed in 1.6. Use the SAMME algorithm to circumvent this warning.
  warnings.warn(

2026-09-15 23:37:14,328:WARNING:C:\Users\IRSYAD NASHRULLAH\AppData\Local\Programs\Python\Python311\Lib\site-packages\sklearn\ensemble\_weight_boosting.py:519: FutureWarning: The SAMME.R algorithm (the default) is deprecated and will be removed in 1.6. Use the SAMME algorithm to circumvent this warning.
  warnings.warn(

2026-09-15 23:37:14,328:WARNING:C:\Users\IRSYAD NASHRULLAH\AppData\Local\Programs\Python\Python311\Lib\site-packages\sklearn\ensemble\_weight_boosting.py:519: FutureWarning: The SAMME.R algorithm (the default) is deprecated and will be removed in 1.6. Use the SAMME algorithm to circumvent this warning.
  warnings.warn(

2026-09-15 23:37:14,328:WARNING:C:\Users\IRSYAD NASHRULLAH\AppData\Local\Programs\Python\Python311\Lib\site-packages\sklearn\ensemble\_weight_boosting.py:519: FutureWarning: The SAMME.R algorithm (the default) is deprecated and will be removed in 1.6. Use the SAMME algorithm to circumvent this warning.
  warnings.warn(

2026-09-15 23:37:14,334:WARNING:C:\Users\IRSYAD NASHRULLAH\AppData\Local\Programs\Python\Python311\Lib\site-packages\sklearn\ensemble\_weight_boosting.py:519: FutureWarning: The SAMME.R algorithm (the default) is deprecated and will be removed in 1.6. Use the SAMME algorithm to circumvent this warning.
  warnings.warn(

2026-09-15 23:37:14,337:WARNING:C:\Users\IRSYAD NASHRULLAH\AppData\Local\Programs\Python\Python311\Lib\site-packages\sklearn\ensemble\_weight_boosting.py:519: FutureWarning: The SAMME.R algorithm (the default) is deprecated and will be removed in 1.6. Use the SAMME algorithm to circumvent this warning.
  warnings.warn(

2026-09-15 23:37:14,339:WARNING:C:\Users\IRSYAD NASHRULLAH\AppData\Local\Programs\Python\Python311\Lib\site-packages\sklearn\ensemble\_weight_boosting.py:519: FutureWarning: The SAMME.R algorithm (the default) is deprecated and will be removed in 1.6. Use the SAMME algorithm to circumvent this warning.
  warnings.warn(

2026-09-15 23:37:14,498:INFO:Calculating mean and std
2026-09-15 23:37:14,498:INFO:Creating metrics dataframe
2026-09-15 23:37:14,500:INFO:Uploading results into container
2026-09-15 23:37:14,501:INFO:Uploading model into container now
2026-09-15 23:37:14,501:INFO:_master_model_container: 9
2026-09-15 23:37:14,501:INFO:_display_container: 2
2026-09-15 23:37:14,501:INFO:AdaBoostClassifier(algorithm='SAMME.R', estimator=None, learning_rate=1.0,
                   n_estimators=50, random_state=6019)
2026-09-15 23:37:14,501:INFO:create_model() successfully completed......................................
2026-09-15 23:37:14,551:INFO:SubProcess create_model() end ==================================
2026-09-15 23:37:14,551:INFO:Creating metrics dataframe
2026-09-15 23:37:14,552:INFO:Initializing Gradient Boosting Classifier
2026-09-15 23:37:14,552:INFO:Total runtime is 0.10852897961934406 minutes
2026-09-15 23:37:14,552:INFO:SubProcess create_model() called ==================================
2026-09-15 23:37:14,552:INFO:Initializing create_model()
2026-09-15 23:37:14,552:INFO:create_model(self=<pycaret.classification.oop.ClassificationExperiment object at 0x000002C05E55EF10>, estimator=gbc, fold=StratifiedKFold(n_splits=10, random_state=None, shuffle=False), round=4, cross_validation=True, predict=True, fit_kwargs={}, groups=None, refit=False, probability_threshold=None, experiment_custom_tags=None, verbose=False, system=False, add_to_model_list=True, metrics=None, display=<pycaret.internal.display.display.CommonDisplay object at 0x000002C016FA6F10>, model_only=True, return_train_score=False, error_score=0.0, kwargs={})
2026-09-15 23:37:14,552:INFO:Checking exceptions
2026-09-15 23:37:14,552:INFO:Importing libraries
2026-09-15 23:37:14,552:INFO:Copying training dataset
2026-09-15 23:37:14,555:INFO:Defining folds
2026-09-15 23:37:14,555:INFO:Declaring metric variables
2026-09-15 23:37:14,555:INFO:Importing untrained model
2026-09-15 23:37:14,555:INFO:Gradient Boosting Classifier Imported successfully
2026-09-15 23:37:14,555:INFO:Starting cross validation
2026-09-15 23:37:14,556:INFO:Cross validating with StratifiedKFold(n_splits=10, random_state=None, shuffle=False), n_jobs=-1
2026-09-15 23:37:15,024:INFO:Calculating mean and std
2026-09-15 23:37:15,024:INFO:Creating metrics dataframe
2026-09-15 23:37:15,025:INFO:Uploading results into container
2026-09-15 23:37:15,026:INFO:Uploading model into container now
2026-09-15 23:37:15,026:INFO:_master_model_container: 10
2026-09-15 23:37:15,026:INFO:_display_container: 2
2026-09-15 23:37:15,026:INFO:GradientBoostingClassifier(ccp_alpha=0.0, criterion='friedman_mse', init=None,
                           learning_rate=0.1, loss='log_loss', max_depth=3,
                           max_features=None, max_leaf_nodes=None,
                           min_impurity_decrease=0.0, min_samples_leaf=1,
                           min_samples_split=2, min_weight_fraction_leaf=0.0,
                           n_estimators=100, n_iter_no_change=None,
                           random_state=6019, subsample=1.0, tol=0.0001,
                           validation_fraction=0.1, verbose=0,
                           warm_start=False)
2026-09-15 23:37:15,026:INFO:create_model() successfully completed......................................
2026-09-15 23:37:15,077:INFO:SubProcess create_model() end ==================================
2026-09-15 23:37:15,077:INFO:Creating metrics dataframe
2026-09-15 23:37:15,078:INFO:Initializing Linear Discriminant Analysis
2026-09-15 23:37:15,078:INFO:Total runtime is 0.11730413039525349 minutes
2026-09-15 23:37:15,079:INFO:SubProcess create_model() called ==================================
2026-09-15 23:37:15,079:INFO:Initializing create_model()
2026-09-15 23:37:15,079:INFO:create_model(self=<pycaret.classification.oop.ClassificationExperiment object at 0x000002C05E55EF10>, estimator=lda, fold=StratifiedKFold(n_splits=10, random_state=None, shuffle=False), round=4, cross_validation=True, predict=True, fit_kwargs={}, groups=None, refit=False, probability_threshold=None, experiment_custom_tags=None, verbose=False, system=False, add_to_model_list=True, metrics=None, display=<pycaret.internal.display.display.CommonDisplay object at 0x000002C016FA6F10>, model_only=True, return_train_score=False, error_score=0.0, kwargs={})
2026-09-15 23:37:15,079:INFO:Checking exceptions
2026-09-15 23:37:15,079:INFO:Importing libraries
2026-09-15 23:37:15,079:INFO:Copying training dataset
2026-09-15 23:37:15,081:INFO:Defining folds
2026-09-15 23:37:15,082:INFO:Declaring metric variables
2026-09-15 23:37:15,082:INFO:Importing untrained model
2026-09-15 23:37:15,082:INFO:Linear Discriminant Analysis Imported successfully
2026-09-15 23:37:15,082:INFO:Starting cross validation
2026-09-15 23:37:15,082:INFO:Cross validating with StratifiedKFold(n_splits=10, random_state=None, shuffle=False), n_jobs=-1
2026-09-15 23:37:15,159:INFO:Calculating mean and std
2026-09-15 23:37:15,160:INFO:Creating metrics dataframe
2026-09-15 23:37:15,160:INFO:Uploading results into container
2026-09-15 23:37:15,162:INFO:Uploading model into container now
2026-09-15 23:37:15,162:INFO:_master_model_container: 11
2026-09-15 23:37:15,162:INFO:_display_container: 2
2026-09-15 23:37:15,162:INFO:LinearDiscriminantAnalysis(covariance_estimator=None, n_components=None,
                           priors=None, shrinkage=None, solver='svd',
                           store_covariance=False, tol=0.0001)
2026-09-15 23:37:15,162:INFO:create_model() successfully completed......................................
2026-09-15 23:37:15,210:INFO:SubProcess create_model() end ==================================
2026-09-15 23:37:15,211:INFO:Creating metrics dataframe
2026-09-15 23:37:15,211:INFO:Initializing Extra Trees Classifier
2026-09-15 23:37:15,211:INFO:Total runtime is 0.1195248007774353 minutes
2026-09-15 23:37:15,211:INFO:SubProcess create_model() called ==================================
2026-09-15 23:37:15,212:INFO:Initializing create_model()
2026-09-15 23:37:15,212:INFO:create_model(self=<pycaret.classification.oop.ClassificationExperiment object at 0x000002C05E55EF10>, estimator=et, fold=StratifiedKFold(n_splits=10, random_state=None, shuffle=False), round=4, cross_validation=True, predict=True, fit_kwargs={}, groups=None, refit=False, probability_threshold=None, experiment_custom_tags=None, verbose=False, system=False, add_to_model_list=True, metrics=None, display=<pycaret.internal.display.display.CommonDisplay object at 0x000002C016FA6F10>, model_only=True, return_train_score=False, error_score=0.0, kwargs={})
2026-09-15 23:37:15,212:INFO:Checking exceptions
2026-09-15 23:37:15,212:INFO:Importing libraries
2026-09-15 23:37:15,212:INFO:Copying training dataset
2026-09-15 23:37:15,215:INFO:Defining folds
2026-09-15 23:37:15,215:INFO:Declaring metric variables
2026-09-15 23:37:15,215:INFO:Importing untrained model
2026-09-15 23:37:15,215:INFO:Extra Trees Classifier Imported successfully
2026-09-15 23:37:15,216:INFO:Starting cross validation
2026-09-15 23:37:15,216:INFO:Cross validating with StratifiedKFold(n_splits=10, random_state=None, shuffle=False), n_jobs=-1
2026-09-15 23:37:15,429:INFO:Calculating mean and std
2026-09-15 23:37:15,429:INFO:Creating metrics dataframe
2026-09-15 23:37:15,430:INFO:Uploading results into container
2026-09-15 23:37:15,431:INFO:Uploading model into container now
2026-09-15 23:37:15,431:INFO:_master_model_container: 12
2026-09-15 23:37:15,431:INFO:_display_container: 2
2026-09-15 23:37:15,431:INFO:ExtraTreesClassifier(bootstrap=False, ccp_alpha=0.0, class_weight=None,
                     criterion='gini', max_depth=None, max_features='sqrt',
                     max_leaf_nodes=None, max_samples=None,
                     min_impurity_decrease=0.0, min_samples_leaf=1,
                     min_samples_split=2, min_weight_fraction_leaf=0.0,
                     monotonic_cst=None, n_estimators=100, n_jobs=-1,
                     oob_score=False, random_state=6019, verbose=0,
                     warm_start=False)
2026-09-15 23:37:15,431:INFO:create_model() successfully completed......................................
2026-09-15 23:37:15,482:INFO:SubProcess create_model() end ==================================
2026-09-15 23:37:15,482:INFO:Creating metrics dataframe
2026-09-15 23:37:15,483:INFO:Initializing Light Gradient Boosting Machine
2026-09-15 23:37:15,483:INFO:Total runtime is 0.12404829263687134 minutes
2026-09-15 23:37:15,483:INFO:SubProcess create_model() called ==================================
2026-09-15 23:37:15,483:INFO:Initializing create_model()
2026-09-15 23:37:15,483:INFO:create_model(self=<pycaret.classification.oop.ClassificationExperiment object at 0x000002C05E55EF10>, estimator=lightgbm, fold=StratifiedKFold(n_splits=10, random_state=None, shuffle=False), round=4, cross_validation=True, predict=True, fit_kwargs={}, groups=None, refit=False, probability_threshold=None, experiment_custom_tags=None, verbose=False, system=False, add_to_model_list=True, metrics=None, display=<pycaret.internal.display.display.CommonDisplay object at 0x000002C016FA6F10>, model_only=True, return_train_score=False, error_score=0.0, kwargs={})
2026-09-15 23:37:15,484:INFO:Checking exceptions
2026-09-15 23:37:15,484:INFO:Importing libraries
2026-09-15 23:37:15,484:INFO:Copying training dataset
2026-09-15 23:37:15,486:INFO:Defining folds
2026-09-15 23:37:15,486:INFO:Declaring metric variables
2026-09-15 23:37:15,486:INFO:Importing untrained model
2026-09-15 23:37:15,487:INFO:Light Gradient Boosting Machine Imported successfully
2026-09-15 23:37:15,487:INFO:Starting cross validation
2026-09-15 23:37:15,487:INFO:Cross validating with StratifiedKFold(n_splits=10, random_state=None, shuffle=False), n_jobs=-1
2026-09-15 23:37:15,545:WARNING:create_model() for lightgbm raised an exception or returned all 0.0, trying without fit_kwargs:
2026-09-15 23:37:15,548:WARNING:Traceback (most recent call last):
  File "C:\Users\IRSYAD NASHRULLAH\AppData\Local\Programs\Python\Python311\Lib\site-packages\pycaret\internal\pycaret_experiment\supervised_experiment.py", line 794, in compare_models
    model, model_fit_time = self._create_model(**create_model_args)
                            ^^^^^^^^^^^^^^^^^^^^^^^^^^^^^^^^^^^^^^^
  File "C:\Users\IRSYAD NASHRULLAH\AppData\Local\Programs\Python\Python311\Lib\site-packages\pycaret\internal\pycaret_experiment\supervised_experiment.py", line 1533, in _create_model
    model, model_fit_time, model_results, _ = self._create_model_with_cv(
                                              ^^^^^^^^^^^^^^^^^^^^^^^^^^^
  File "C:\Users\IRSYAD NASHRULLAH\AppData\Local\Programs\Python\Python311\Lib\site-packages\pycaret\internal\pycaret_experiment\supervised_experiment.py", line 1126, in _create_model_with_cv
    scores = cross_validate(
             ^^^^^^^^^^^^^^^
  File "C:\Users\IRSYAD NASHRULLAH\AppData\Local\Programs\Python\Python311\Lib\site-packages\sklearn\utils\_param_validation.py", line 213, in wrapper
    return func(*args, **kwargs)
           ^^^^^^^^^^^^^^^^^^^^^
  File "C:\Users\IRSYAD NASHRULLAH\AppData\Local\Programs\Python\Python311\Lib\site-packages\sklearn\model_selection\_validation.py", line 450, in cross_validate
    _warn_or_raise_about_fit_failures(results, error_score)
  File "C:\Users\IRSYAD NASHRULLAH\AppData\Local\Programs\Python\Python311\Lib\site-packages\sklearn\model_selection\_validation.py", line 536, in _warn_or_raise_about_fit_failures
    raise ValueError(all_fits_failed_message)
ValueError: 
All the 10 fits failed.
It is very likely that your model is misconfigured.
You can try to debug the error by setting error_score='raise'.

Below are more details about the failures:
--------------------------------------------------------------------------------
10 fits failed with the following error:
Traceback (most recent call last):
  File "C:\Users\IRSYAD NASHRULLAH\AppData\Local\Programs\Python\Python311\Lib\site-packages\sklearn\model_selection\_validation.py", line 895, in _fit_and_score
    estimator.fit(X_train, y_train, **fit_params)
  File "C:\Users\IRSYAD NASHRULLAH\AppData\Local\Programs\Python\Python311\Lib\site-packages\pycaret\internal\pipeline.py", line 278, in fit
    fitted_estimator = self._memory_fit(
                       ^^^^^^^^^^^^^^^^^
  File "C:\Users\IRSYAD NASHRULLAH\AppData\Local\Programs\Python\Python311\Lib\site-packages\joblib\memory.py", line 353, in __call__
    return self.func(*args, **kwargs)
           ^^^^^^^^^^^^^^^^^^^^^^^^^^
  File "C:\Users\IRSYAD NASHRULLAH\AppData\Local\Programs\Python\Python311\Lib\site-packages\pycaret\internal\pipeline.py", line 69, in _fit_one
    transformer.fit(*args)
  File "C:\Users\IRSYAD NASHRULLAH\AppData\Local\Programs\Python\Python311\Lib\site-packages\lightgbm\sklearn.py", line 1704, in fit
    super().fit(
  File "C:\Users\IRSYAD NASHRULLAH\AppData\Local\Programs\Python\Python311\Lib\site-packages\lightgbm\sklearn.py", line 1171, in fit
    self._Booster = train(
                    ^^^^^^
  File "C:\Users\IRSYAD NASHRULLAH\AppData\Local\Programs\Python\Python311\Lib\site-packages\lightgbm\engine.py", line 296, in train
    booster = Booster(params=params, train_set=train_set)
              ^^^^^^^^^^^^^^^^^^^^^^^^^^^^^^^^^^^^^^^^^^^
  File "C:\Users\IRSYAD NASHRULLAH\AppData\Local\Programs\Python\Python311\Lib\site-packages\lightgbm\basic.py", line 3758, in __init__
    train_set.construct()
  File "C:\Users\IRSYAD NASHRULLAH\AppData\Local\Programs\Python\Python311\Lib\site-packages\lightgbm\basic.py", line 2574, in construct
    self._lazy_init(
  File "C:\Users\IRSYAD NASHRULLAH\AppData\Local\Programs\Python\Python311\Lib\site-packages\lightgbm\basic.py", line 2189, in _lazy_init
    self.set_label(label)
  File "C:\Users\IRSYAD NASHRULLAH\AppData\Local\Programs\Python\Python311\Lib\site-packages\lightgbm\basic.py", line 3097, in set_label
    self.set_field("label", label_array)
  File "C:\Users\IRSYAD NASHRULLAH\AppData\Local\Programs\Python\Python311\Lib\site-packages\lightgbm\basic.py", line 2860, in set_field
    _LIB.LGBM_DatasetSetField(
OSError: exception: access violation reading 0x0000000000000000


2026-09-15 23:37:15,548:INFO:Initializing create_model()
2026-09-15 23:37:15,548:INFO:create_model(self=<pycaret.classification.oop.ClassificationExperiment object at 0x000002C05E55EF10>, estimator=lightgbm, fold=StratifiedKFold(n_splits=10, random_state=None, shuffle=False), round=4, cross_validation=True, predict=True, fit_kwargs={}, groups=None, refit=False, probability_threshold=None, experiment_custom_tags=None, verbose=False, system=False, add_to_model_list=True, metrics=None, display=<pycaret.internal.display.display.CommonDisplay object at 0x000002C016FA6F10>, model_only=True, return_train_score=False, error_score=0.0, kwargs={})
2026-09-15 23:37:15,548:INFO:Checking exceptions
2026-09-15 23:37:15,548:INFO:Importing libraries
2026-09-15 23:37:15,548:INFO:Copying training dataset
2026-09-15 23:37:15,554:INFO:Defining folds
2026-09-15 23:37:15,554:INFO:Declaring metric variables
2026-09-15 23:37:15,554:INFO:Importing untrained model
2026-09-15 23:37:15,554:INFO:Light Gradient Boosting Machine Imported successfully
2026-09-15 23:37:15,554:INFO:Starting cross validation
2026-09-15 23:37:15,555:INFO:Cross validating with StratifiedKFold(n_splits=10, random_state=None, shuffle=False), n_jobs=-1
2026-09-15 23:37:15,608:ERROR:create_model() for lightgbm raised an exception or returned all 0.0:
2026-09-15 23:37:15,610:ERROR:Traceback (most recent call last):
  File "C:\Users\IRSYAD NASHRULLAH\AppData\Local\Programs\Python\Python311\Lib\site-packages\pycaret\internal\pycaret_experiment\supervised_experiment.py", line 794, in compare_models
    model, model_fit_time = self._create_model(**create_model_args)
                            ^^^^^^^^^^^^^^^^^^^^^^^^^^^^^^^^^^^^^^^
  File "C:\Users\IRSYAD NASHRULLAH\AppData\Local\Programs\Python\Python311\Lib\site-packages\pycaret\internal\pycaret_experiment\supervised_experiment.py", line 1533, in _create_model
    model, model_fit_time, model_results, _ = self._create_model_with_cv(
                                              ^^^^^^^^^^^^^^^^^^^^^^^^^^^
  File "C:\Users\IRSYAD NASHRULLAH\AppData\Local\Programs\Python\Python311\Lib\site-packages\pycaret\internal\pycaret_experiment\supervised_experiment.py", line 1126, in _create_model_with_cv
    scores = cross_validate(
             ^^^^^^^^^^^^^^^
  File "C:\Users\IRSYAD NASHRULLAH\AppData\Local\Programs\Python\Python311\Lib\site-packages\sklearn\utils\_param_validation.py", line 213, in wrapper
    return func(*args, **kwargs)
           ^^^^^^^^^^^^^^^^^^^^^
  File "C:\Users\IRSYAD NASHRULLAH\AppData\Local\Programs\Python\Python311\Lib\site-packages\sklearn\model_selection\_validation.py", line 450, in cross_validate
    _warn_or_raise_about_fit_failures(results, error_score)
  File "C:\Users\IRSYAD NASHRULLAH\AppData\Local\Programs\Python\Python311\Lib\site-packages\sklearn\model_selection\_validation.py", line 536, in _warn_or_raise_about_fit_failures
    raise ValueError(all_fits_failed_message)
ValueError: 
All the 10 fits failed.
It is very likely that your model is misconfigured.
You can try to debug the error by setting error_score='raise'.

Below are more details about the failures:
--------------------------------------------------------------------------------
10 fits failed with the following error:
Traceback (most recent call last):
  File "C:\Users\IRSYAD NASHRULLAH\AppData\Local\Programs\Python\Python311\Lib\site-packages\sklearn\model_selection\_validation.py", line 895, in _fit_and_score
    estimator.fit(X_train, y_train, **fit_params)
  File "C:\Users\IRSYAD NASHRULLAH\AppData\Local\Programs\Python\Python311\Lib\site-packages\pycaret\internal\pipeline.py", line 278, in fit
    fitted_estimator = self._memory_fit(
                       ^^^^^^^^^^^^^^^^^
  File "C:\Users\IRSYAD NASHRULLAH\AppData\Local\Programs\Python\Python311\Lib\site-packages\joblib\memory.py", line 353, in __call__
    return self.func(*args, **kwargs)
           ^^^^^^^^^^^^^^^^^^^^^^^^^^
  File "C:\Users\IRSYAD NASHRULLAH\AppData\Local\Programs\Python\Python311\Lib\site-packages\pycaret\internal\pipeline.py", line 69, in _fit_one
    transformer.fit(*args)
  File "C:\Users\IRSYAD NASHRULLAH\AppData\Local\Programs\Python\Python311\Lib\site-packages\lightgbm\sklearn.py", line 1704, in fit
    super().fit(
  File "C:\Users\IRSYAD NASHRULLAH\AppData\Local\Programs\Python\Python311\Lib\site-packages\lightgbm\sklearn.py", line 1171, in fit
    self._Booster = train(
                    ^^^^^^
  File "C:\Users\IRSYAD NASHRULLAH\AppData\Local\Programs\Python\Python311\Lib\site-packages\lightgbm\engine.py", line 296, in train
    booster = Booster(params=params, train_set=train_set)
              ^^^^^^^^^^^^^^^^^^^^^^^^^^^^^^^^^^^^^^^^^^^
  File "C:\Users\IRSYAD NASHRULLAH\AppData\Local\Programs\Python\Python311\Lib\site-packages\lightgbm\basic.py", line 3758, in __init__
    train_set.construct()
  File "C:\Users\IRSYAD NASHRULLAH\AppData\Local\Programs\Python\Python311\Lib\site-packages\lightgbm\basic.py", line 2574, in construct
    self._lazy_init(
  File "C:\Users\IRSYAD NASHRULLAH\AppData\Local\Programs\Python\Python311\Lib\site-packages\lightgbm\basic.py", line 2189, in _lazy_init
    self.set_label(label)
  File "C:\Users\IRSYAD NASHRULLAH\AppData\Local\Programs\Python\Python311\Lib\site-packages\lightgbm\basic.py", line 3097, in set_label
    self.set_field("label", label_array)
  File "C:\Users\IRSYAD NASHRULLAH\AppData\Local\Programs\Python\Python311\Lib\site-packages\lightgbm\basic.py", line 2860, in set_field
    _LIB.LGBM_DatasetSetField(
OSError: exception: access violation reading 0x0000000000000000


During handling of the above exception, another exception occurred:

Traceback (most recent call last):
  File "C:\Users\IRSYAD NASHRULLAH\AppData\Local\Programs\Python\Python311\Lib\site-packages\pycaret\internal\pycaret_experiment\supervised_experiment.py", line 815, in compare_models
    model, model_fit_time = self._create_model(**create_model_args)
                            ^^^^^^^^^^^^^^^^^^^^^^^^^^^^^^^^^^^^^^^
  File "C:\Users\IRSYAD NASHRULLAH\AppData\Local\Programs\Python\Python311\Lib\site-packages\pycaret\internal\pycaret_experiment\supervised_experiment.py", line 1533, in _create_model
    model, model_fit_time, model_results, _ = self._create_model_with_cv(
                                              ^^^^^^^^^^^^^^^^^^^^^^^^^^^
  File "C:\Users\IRSYAD NASHRULLAH\AppData\Local\Programs\Python\Python311\Lib\site-packages\pycaret\internal\pycaret_experiment\supervised_experiment.py", line 1126, in _create_model_with_cv
    scores = cross_validate(
             ^^^^^^^^^^^^^^^
  File "C:\Users\IRSYAD NASHRULLAH\AppData\Local\Programs\Python\Python311\Lib\site-packages\sklearn\utils\_param_validation.py", line 213, in wrapper
    return func(*args, **kwargs)
           ^^^^^^^^^^^^^^^^^^^^^
  File "C:\Users\IRSYAD NASHRULLAH\AppData\Local\Programs\Python\Python311\Lib\site-packages\sklearn\model_selection\_validation.py", line 450, in cross_validate
    _warn_or_raise_about_fit_failures(results, error_score)
  File "C:\Users\IRSYAD NASHRULLAH\AppData\Local\Programs\Python\Python311\Lib\site-packages\sklearn\model_selection\_validation.py", line 536, in _warn_or_raise_about_fit_failures
    raise ValueError(all_fits_failed_message)
ValueError: 
All the 10 fits failed.
It is very likely that your model is misconfigured.
You can try to debug the error by setting error_score='raise'.

Below are more details about the failures:
--------------------------------------------------------------------------------
10 fits failed with the following error:
Traceback (most recent call last):
  File "C:\Users\IRSYAD NASHRULLAH\AppData\Local\Programs\Python\Python311\Lib\site-packages\sklearn\model_selection\_validation.py", line 895, in _fit_and_score
    estimator.fit(X_train, y_train, **fit_params)
  File "C:\Users\IRSYAD NASHRULLAH\AppData\Local\Programs\Python\Python311\Lib\site-packages\pycaret\internal\pipeline.py", line 278, in fit
    fitted_estimator = self._memory_fit(
                       ^^^^^^^^^^^^^^^^^
  File "C:\Users\IRSYAD NASHRULLAH\AppData\Local\Programs\Python\Python311\Lib\site-packages\joblib\memory.py", line 353, in __call__
    return self.func(*args, **kwargs)
           ^^^^^^^^^^^^^^^^^^^^^^^^^^
  File "C:\Users\IRSYAD NASHRULLAH\AppData\Local\Programs\Python\Python311\Lib\site-packages\pycaret\internal\pipeline.py", line 69, in _fit_one
    transformer.fit(*args)
  File "C:\Users\IRSYAD NASHRULLAH\AppData\Local\Programs\Python\Python311\Lib\site-packages\lightgbm\sklearn.py", line 1704, in fit
    super().fit(
  File "C:\Users\IRSYAD NASHRULLAH\AppData\Local\Programs\Python\Python311\Lib\site-packages\lightgbm\sklearn.py", line 1171, in fit
    self._Booster = train(
                    ^^^^^^
  File "C:\Users\IRSYAD NASHRULLAH\AppData\Local\Programs\Python\Python311\Lib\site-packages\lightgbm\engine.py", line 296, in train
    booster = Booster(params=params, train_set=train_set)
              ^^^^^^^^^^^^^^^^^^^^^^^^^^^^^^^^^^^^^^^^^^^
  File "C:\Users\IRSYAD NASHRULLAH\AppData\Local\Programs\Python\Python311\Lib\site-packages\lightgbm\basic.py", line 3758, in __init__
    train_set.construct()
  File "C:\Users\IRSYAD NASHRULLAH\AppData\Local\Programs\Python\Python311\Lib\site-packages\lightgbm\basic.py", line 2574, in construct
    self._lazy_init(
  File "C:\Users\IRSYAD NASHRULLAH\AppData\Local\Programs\Python\Python311\Lib\site-packages\lightgbm\basic.py", line 2189, in _lazy_init
    self.set_label(label)
  File "C:\Users\IRSYAD NASHRULLAH\AppData\Local\Programs\Python\Python311\Lib\site-packages\lightgbm\basic.py", line 3097, in set_label
    self.set_field("label", label_array)
  File "C:\Users\IRSYAD NASHRULLAH\AppData\Local\Programs\Python\Python311\Lib\site-packages\lightgbm\basic.py", line 2860, in set_field
    _LIB.LGBM_DatasetSetField(
OSError: exception: access violation reading 0x0000000000000000


2026-09-15 23:37:15,610:INFO:Initializing Dummy Classifier
2026-09-15 23:37:15,610:INFO:Total runtime is 0.12616734504699706 minutes
2026-09-15 23:37:15,610:INFO:SubProcess create_model() called ==================================
2026-09-15 23:37:15,611:INFO:Initializing create_model()
2026-09-15 23:37:15,611:INFO:create_model(self=<pycaret.classification.oop.ClassificationExperiment object at 0x000002C05E55EF10>, estimator=dummy, fold=StratifiedKFold(n_splits=10, random_state=None, shuffle=False), round=4, cross_validation=True, predict=True, fit_kwargs={}, groups=None, refit=False, probability_threshold=None, experiment_custom_tags=None, verbose=False, system=False, add_to_model_list=True, metrics=None, display=<pycaret.internal.display.display.CommonDisplay object at 0x000002C016FA6F10>, model_only=True, return_train_score=False, error_score=0.0, kwargs={})
2026-09-15 23:37:15,611:INFO:Checking exceptions
2026-09-15 23:37:15,611:INFO:Importing libraries
2026-09-15 23:37:15,611:INFO:Copying training dataset
2026-09-15 23:37:15,614:INFO:Defining folds
2026-09-15 23:37:15,614:INFO:Declaring metric variables
2026-09-15 23:37:15,615:INFO:Importing untrained model
2026-09-15 23:37:15,615:INFO:Dummy Classifier Imported successfully
2026-09-15 23:37:15,615:INFO:Starting cross validation
2026-09-15 23:37:15,615:INFO:Cross validating with StratifiedKFold(n_splits=10, random_state=None, shuffle=False), n_jobs=-1
2026-09-15 23:37:15,672:INFO:Calculating mean and std
2026-09-15 23:37:15,672:INFO:Creating metrics dataframe
2026-09-15 23:37:15,674:INFO:Uploading results into container
2026-09-15 23:37:15,674:INFO:Uploading model into container now
2026-09-15 23:37:15,674:INFO:_master_model_container: 13
2026-09-15 23:37:15,674:INFO:_display_container: 2
2026-09-15 23:37:15,674:INFO:DummyClassifier(constant=None, random_state=6019, strategy='prior')
2026-09-15 23:37:15,675:INFO:create_model() successfully completed......................................
2026-09-15 23:37:15,732:INFO:SubProcess create_model() end ==================================
2026-09-15 23:37:15,732:INFO:Creating metrics dataframe
2026-09-15 23:37:15,734:WARNING:C:\Users\IRSYAD NASHRULLAH\AppData\Local\Programs\Python\Python311\Lib\site-packages\pycaret\internal\pycaret_experiment\supervised_experiment.py:339: FutureWarning: Styler.applymap has been deprecated. Use Styler.map instead.
  .applymap(highlight_cols, subset=["TT (Sec)"])

2026-09-15 23:37:15,734:INFO:Initializing create_model()
2026-09-15 23:37:15,735:INFO:create_model(self=<pycaret.classification.oop.ClassificationExperiment object at 0x000002C05E55EF10>, estimator=RidgeClassifier(alpha=1.0, class_weight=None, copy_X=True, fit_intercept=True,
                max_iter=None, positive=False, random_state=6019, solver='auto',
                tol=0.0001), fold=StratifiedKFold(n_splits=10, random_state=None, shuffle=False), round=4, cross_validation=False, predict=False, fit_kwargs={}, groups=None, refit=True, probability_threshold=None, experiment_custom_tags=None, verbose=False, system=False, add_to_model_list=True, metrics=None, display=None, model_only=True, return_train_score=False, error_score=0.0, kwargs={})
2026-09-15 23:37:15,735:INFO:Checking exceptions
2026-09-15 23:37:15,735:INFO:Importing libraries
2026-09-15 23:37:15,735:INFO:Copying training dataset
2026-09-15 23:37:15,738:INFO:Defining folds
2026-09-15 23:37:15,738:INFO:Declaring metric variables
2026-09-15 23:37:15,738:INFO:Importing untrained model
2026-09-15 23:37:15,738:INFO:Declaring custom model
2026-09-15 23:37:15,738:INFO:Ridge Classifier Imported successfully
2026-09-15 23:37:15,738:INFO:Cross validation set to False
2026-09-15 23:37:15,739:INFO:Fitting Model
2026-09-15 23:37:15,775:WARNING:C:\Users\IRSYAD NASHRULLAH\AppData\Local\Programs\Python\Python311\Lib\site-packages\sklearn\linear_model\_ridge.py:204: LinAlgWarning: Ill-conditioned matrix (rcond=3.87944e-09): result may not be accurate.
  return linalg.solve(A, Xy, assume_a="pos", overwrite_a=True).T

2026-09-15 23:37:15,776:INFO:RidgeClassifier(alpha=1.0, class_weight=None, copy_X=True, fit_intercept=True,
                max_iter=None, positive=False, random_state=6019, solver='auto',
                tol=0.0001)
2026-09-15 23:37:15,776:INFO:create_model() successfully completed......................................
2026-09-15 23:37:15,828:INFO:_master_model_container: 13
2026-09-15 23:37:15,828:INFO:_display_container: 2
2026-09-15 23:37:15,828:INFO:RidgeClassifier(alpha=1.0, class_weight=None, copy_X=True, fit_intercept=True,
                max_iter=None, positive=False, random_state=6019, solver='auto',
                tol=0.0001)
2026-09-15 23:37:15,828:INFO:compare_models() successfully completed......................................
